INSERT INTO `accounts` (`username`, `password`)
VALUES
	('acook2g@sciencedaily.com','23OaQXLm5wrg'),
	('afrazier1j@usda.gov','XhrOjIBuJyA'),
	('agardner1z@redcross.org','YLARGjH7'),
	('agordon1d@hugedomains.com','r9zhJQ'),
	('agriffin1b@smugmug.com','fME3ZmH'),
	('arogers1t@gov.uk','1gDdmAMahH'),
	('astevense@ebay.co.uk','22ujdFQ'),
	('bclark23@weebly.com','UiV69D'),
	('bfisher2l@google.fr','PEmns9'),
	('bwebb1e@ed.gov','jf2WrSXtJH'),
	('callen2o@amazonaws.com','oXfYmwwnIqPZ'),
	('cchavezb@photobucket.com','LYdcx0mr028e'),
	('cedwards8@howstuffworks.com','I9OxVC2'),
	('cford25@uol.com.br','rD92YbicLWbK'),
	('cgomez16@webnode.com','RIG0FCT788P0'),
	('cgordon2d@ehow.com','Buu6VY'),
	('charvey11@japanpost.jp','65KlE91jtVDW'),
	('clanez@about.com','InkvuC6XJV2'),
	('cpatterson2j@cornell.edu','86Q4uCZ'),
	('creidx@google.ca','EVKQ7hvKjt'),
	('crichardsc@angelfire.com','TrqwU1j'),
	('csandersf@miibeian.gov.cn','KeOrEjQ'),
	('csimmonsy@ebay.co.uk','6YZ2NISHKP'),
	('cwatkins1g@newsvine.com','A9wOjamq'),
	('cwest1w@elegantthemes.com','0C05WOr1s'),
	('dbarnes2m@freewebs.com','RG8VVs'),
	('drogers1@marriott.com','44W70Qr5TaS'),
	('efranklin3@sitemeter.com','UqlZipRO0'),
	('epierce13@about.com','HV31YbppJAbW'),
	('eramos15@google.es','BEE5pmVEv9E'),
	('eray2r@vkontakte.ru','SNh5T0kme'),
	('ewalkeru@yelp.com','mxNNQa1K'),
	('fromerop@europa.eu','rmQdyJSqA'),
	('gking6@123-reg.co.uk','OrpUUR4F'),
	('gsnyder10@mail.ru','o4gtFt'),
	('hdunn2i@washingtonpost.com','NTts2VyzRdg'),
	('htorres24@purevolume.com','Ny9T5P'),
	('jadams1p@sfgate.com','7YvNETHX'),
	('jalvarez2h@ted.com','zTZZR4HUa1by'),
	('jarmstrong1q@smugmug.com','XFxQIxqots'),
	('jcarpenterj@dailymail.co.uk','0ZuiJpDYrG'),
	('jflores1r@is.gd','KuMZSXuqAXA'),
	('jjackson19@adobe.com','lY0QWZJe0iyw'),
	('jjames27@ucsd.edu','qVDaL15LM'),
	('jjenkins2q@about.me','tFOnXUkVt'),
	('jowens2c@comcast.net','9GLV8me2erSw'),
	('jpattersont@liveinternet.ru','xRcZHTG'),
	('jpierce2k@cbc.ca','d1fCnCZu'),
	('jreynolds1y@netlog.com','Bvj26BV'),
	('jtorres26@webnode.com','oE28KgeDc'),
	('jvasquez2p@edublogs.org','4xiCoGSK'),
	('jwarren2e@soundcloud.com','4UkWuJ'),
	('jwestv@acquirethisname.com','SIYSqEkh'),
	('kbradleyg@naver.com','qYXYrj5Mp'),
	('kbryanto@psu.edu','Ip6vcGK'),
	('kgardnerr@reference.com','OweoXUbm6F'),
	('kjenkinss@shutterfly.com','u5gsVxM4nOMU'),
	('kkim1l@whitehouse.gov','3hOrZpo1Z'),
	('krice1o@rediff.com','K9zFxxuqZyTO'),
	('kturner20@tumblr.com','6YdJwV'),
	('lberry1v@uiuc.edu','eRy66aeXUlrS'),
	('lgeorge1k@acquirethisname.com','D704WvPaScp'),
	('ljacksonl@com.com','SdoM8H4s'),
	('ljames1u@usda.gov','zM3g9Ke9'),
	('lpeterson2a@google.co.uk','et4kBkLz2Kd'),
	('lramirez12@sourceforge.net','qe9Zyc71nl2'),
	('lramirezm@elegantthemes.com','RUtlgNCt'),
	('malvarez1m@tuttocitta.it','LAIWP1oh5Wc'),
	('mday0@taobao.com','vbKLp7km5B'),
	('mharris2@yahoo.co.jp','Jc0oIg'),
	('mjohnson4@senate.gov','L19iu2y'),
	('mpowell18@wiley.com','Hs4H5Su'),
	('mrobinsona@opensource.org','vVcioiv'),
	('mscottq@answers.com','TEBne8e'),
	('mstanley2b@uol.com.br','NL3mjmVgPV'),
	('mwalker9@nsw.gov.au','7ggJiYVT0k'),
	('nlarson2n@chron.com','p86xJnIb'),
	('nmontgomeryi@wsj.com','yBHxXNQDgV'),
	('pward1n@latimes.com','ed8xUdUIDCF'),
	('pwoods7@slate.com','ZR3qgZcH'),
	('rbrooks29@si.edu','bkb1I1i'),
	('rbutler1x@taobao.com','dpVnJtRj'),
	('rdunnh@shinystat.com','3yQtN9I53RLv'),
	('rgutierrez1f@vistaprint.com','3M2qETZj5pWb'),
	('rmarshall14@wikipedia.org','7fHufEpt'),
	('rperkinsw@furl.net','fDTwlTUr4nAg'),
	('rwashington21@ft.com','ZWEx8H0Eg0'),
	('rwilliamsk@cbsnews.com','dVh5it'),
	('sallend@yelp.com','qKMqtvPJ63a'),
	('selliott1s@edublogs.org','3bX7PFsRc'),
	('sfields1c@histats.com','hqA2S3dUu6'),
	('sgreene1i@ox.ac.uk','QvAUXRtW58'),
	('sscott2f@tinyurl.com','22rFHICgwg2'),
	('sstephens5@topsy.com','p0pxkOKjuodh'),
	('swalker22@tumblr.com','g435heM'),
	('tflores17@omniture.com','ewiJSRnKPDji'),
	('tharvey28@google.co.uk','bs3eHh44'),
	('tlopez1a@ucla.edu','3cP88ZE'),
	('tmeyer1h@marketwatch.com','JO8qtT'),
	('wgonzalezn@clickbank.net','9mgwFTF4');

INSERT INTO `categories` (`id`, `name`)
VALUES
	('action','액션 모험'),
	('comedy','코미디'),
	('drama','드라마 영화'),
	('family_kids','가족/아동 영화'),
	('horror','공포 영화'),
	('korean','한국 영화'),
	('romance','로맨스 영화'),
	('sf_fantasy','SF 및 판타지 영화'),
	('tv','TV 프로그램'),
	('winner','수상작');

INSERT INTO `contents` (`id`, `category`, `grade`, `has_episodes`, `poster`, `rate`, `reg_date`, `runtime`, `stillcut`, `summary`, `title`, `video`, `view`, `year`)
VALUES
	('1','family_kids',1,b'0','https://art-s.nflximg.net/5ec54/7155040931d0d5e913a24f093712902f9c55ec54.webp','5','2015-12-08',94,'https://art-s.nflximg.net/69a47/8526d5254108173a3f71e9e2d5eaf92043669a47.webp','다른 행성에서 온 사랑스러운 부적응자와 인간 소녀 사이에 뜻밖의 우정이 싹튼다. 이제 외계인과 소녀는 인생을 바꿀 놀라운 여정을 시작한다.','홈','cEMxsiSB7c0',91,2015),
	('10','family_kids',3,b'0','https://art-s.nflximg.net/782a3/2315c5443913966356537a61c8bab58a32e782a3.webp','5','2015-11-24',106,'https://art-s.nflximg.net/69a47/8526d5254108173a3f71e9e2d5eaf92043669a47.webp','조르주 레미의 고전 만화를 각색한 이 영화는 3D 모션 캡처 기술을 활용하여 겁 없는 젊은 기자 틴틴과 충직한 강아지 스노위의 모험을 생생히 그려낸다.','틴틴 유니콘호의 비밀','C9ONwJ8NyUE',41,2011),
	('11','horror',2,b'0','https://art-s.nflximg.net/b65de/d3f220eb68e66d8cf7fb5a675666da996aab65de.webp','12','2015-11-23',97,'https://art-s.nflximg.net/69a47/8526d5254108173a3f71e9e2d5eaf92043669a47.webp','젊은 남자의 뇌를 먹고 그 안의 기억을 흡수하게 된 신생 좀비가 그 남자의 여자친구와 사랑에 빠진다.','웜바디스','ix0iVDAGExo',13,2013),
	('12','horror',4,b'0','https://art-s.nflximg.net/7b0f2/04f4efc3013ea510c8d5a850461542513f27b0f2.webp','12','2015-11-22',111,'https://art-s.nflximg.net/69a47/8526d5254108173a3f71e9e2d5eaf92043669a47.webp','등골이 서늘해지는 실화. 뉴잉글랜드의 한 가족이 집에 머무는 영혼들을 마주하게 되는데…','컨저링','ZmJ_Djcidic',50,2013),
	('13','horror',2,b'0','https://art-s.nflximg.net/b8ae8/b1da6fccbae33d42258609461bc9f200a71b8ae8.webp','12','2015-11-16',119,'https://art-s.nflximg.net/69a47/8526d5254108173a3f71e9e2d5eaf92043669a47.webp','폐기된 독성 화학물질로 인해 탄생한 돌연변이 괴물이 딸을 낚아채자 한강 매점 주인은 딸을 구하기 위해 숨 가쁘게 움직인다.','괴물','u2GGvrNo4HI',98,2006),
	('14','horror',1,b'0','https://art-s.nflximg.net/e0165/904a2af8a8746c170fecc57487057395d82e0165.webp','12','2015-10-12',108,'https://art-s.nflximg.net/69a47/8526d5254108173a3f71e9e2d5eaf92043669a47.webp','2명의 강도가 한 남자와 자녀들을 인질로 잡는다. 멕시코 국경으로 달려가던 범죄자들은 한 술집에서 만나지만 이곳이 뱀파이어 소굴임은 알지 못한다.','황혼에서 새벽까지','gi_DHdFlXfM',77,1996),
	('15','horror',3,b'0','https://art-s.nflximg.net/ca04d/dc8f694e93c70af6683d0cf9a745c4458ddca04d.webp','12','2015-09-18',92,'https://art-s.nflximg.net/69a47/8526d5254108173a3f71e9e2d5eaf92043669a47.webp','한 간호사는 자신이 방문하는 집이 이전에 발생한 2건의 살인사건으로 인해 저주에 걸렸으며, 이곳의 원혼들이 모든 방문자를 죽이리라는 사실을 알게 된다.','주온극장판1','pYblh3BSdh8',2,2002),
	('16','horror',0,b'0','https://art-s.nflximg.net/57620/33243e0a03bede1eb4fa54c3cbb8284c95157620.webp','12','2015-11-21',81,'https://art-s.nflximg.net/69a47/8526d5254108173a3f71e9e2d5eaf92043669a47.webp','청각 장애가 있는 작가가 홀로 조용히 지내기 위해 숲으로 들어가지만 복면을 쓴 살인자가 등장하면서 그녀는 목숨을 지키기 위해 고독한 싸움을 시작한다.','허쉬','Q_P8WCbhC6s',35,2016),
	('17','horror',3,b'0','https://art-s.nflximg.net/ca2ea/109478d034be583bf376234d4d2511e65abca2ea.webp','12','2015-11-25',113,'https://art-s.nflximg.net/69a47/8526d5254108173a3f71e9e2d5eaf92043669a47.webp','팀 버튼의 흥미진진하면서 괴기스러운 드라마에서는 수백 년의 잠에서 깨어난 뱀파이어가 후손들을 만나기 위해 폐허가 된 집으로 돌아온 이야기를 그린다.','다크 새도우','aJGwnnxpp4U',2,2012),
	('18','horror',1,b'0','https://art-s.nflximg.net/c81f0/3992a2b0676dc4436313869b16252a41151c81f0.webp','12','2015-09-23',119,'https://art-s.nflximg.net/69a47/8526d5254108173a3f71e9e2d5eaf92043669a47.webp','잭 토런스는 비수기의 적막하고 으스스한 호텔에서 생활하며 서서히 광기에 빠져들게 되고, 부인과 어린 아들을 공포에 빠뜨린다.','샤이닝','bFsgmzUhtJg',82,1980),
	('19','horror',4,b'0','https://art-s.nflximg.net/46508/d8df77970e7f029701f6c7e8a52e839c8a046508.webp','12','2015-10-18',97,'https://art-s.nflximg.net/69a47/8526d5254108173a3f71e9e2d5eaf92043669a47.webp','고전이 된 슬래셔 영화 《13일의 금요일》을 리메이크한 작품. 10대 캠프 지도 학생들이 가면을 쓴 살인마 제이슨 부히스의 분노에 불을 붙인다.','13일의 금요일','5Ank9oNPFmM',46,2009),
	('2','family_kids',3,b'0','https://art-s.nflximg.net/eb8d2/b7272b23f5b413a09510e85e8b7fdf1b2e8eb8d2.webp','5','2015-11-20',94,'https://art-s.nflximg.net/69a47/8526d5254108173a3f71e9e2d5eaf92043669a47.webp','평화의 계곡이 위협을 받자 게으른 팬더 포는 용의 전사로의 자신의 운명을 받아들이고 쿵푸 영웅이 되기 위한 수련을 받게 된다.','쿵푸 펜더','rmDdLcbzlC0',47,2008),
	('20','horror',0,b'0','https://art-s.nflximg.net/3d7dc/014c15b74c63c95e92c70c356db7415b96f3d7dc.webp','12','2015-10-19',99,'https://art-s.nflximg.net/69a47/8526d5254108173a3f71e9e2d5eaf92043669a47.webp','무시무시한 늑대인간 때문에 공포에 떠는 마을. 발레리는 두려움과 슬픔 속에서 어려운 사랑의 결정을 내린다.','레드 라이딩 후드','gLN79c8joho',74,2011),
	('21','drama',1,b'0','https://art-s.nflximg.net/b4192/b09739d855591a042bd204b75063181ce91b4192.webp','19','2015-09-19',122,'https://art-s.nflximg.net/69a47/8526d5254108173a3f71e9e2d5eaf92043669a47.webp','정신병원에 잠시 있다 돌아온 팻은 부모님 집으로 들어가 아내를 되찾으려 하지만, 자신만큼이나 불안정한 성격의 여성을 만난다.','실버라이닝 플래이북','muDBh58-O5Q',29,2012),
	('22','drama',1,b'0','https://art-s.nflximg.net/8f20d/fdc65fcbf126b6b28001a579af6dc4f0e288f20d.webp','19','2015-11-27',118,'https://art-s.nflximg.net/69a47/8526d5254108173a3f71e9e2d5eaf92043669a47.webp','아내가 이혼을 선언하자 칼은 마지못해 독신 생활을 직면하게 되고, 잘나가는 젊은 독신남에게 조언을 구한다.','크레이지, 스투피드, 러브','xucKLGMxQkg',43,2011),
	('23','drama',2,b'0','https://art-s.nflximg.net/12f1c/a38ea153b8779ef1789902a3b5846fe2b5212f1c.webp','19','2015-09-16',118,'https://art-s.nflximg.net/69a47/8526d5254108173a3f71e9e2d5eaf92043669a47.webp','제약회사 영업사원 제이미는 남성 성 기능 강화 약 판매에서 우수한 실적을 달성하며 승승장구한다. 삶이 더없이 쉬운 그에게 예상치 못한 어려운 로맨스가 찾아온다.','러브&드럭스','1k6E1De4Wdg',16,2010),
	('24','drama',4,b'0','https://art-s.nflximg.net/64d8d/9e9e3071fad6e04cc8a87e01ab20c14614c64d8d.webp','12','2015-11-23',90,'https://art-s.nflximg.net/69a47/8526d5254108173a3f71e9e2d5eaf92043669a47.webp','인공위성 잔해로 우주선이 파괴되면서 한 의료 기술자와 베테랑 우주 비행사가 지구와의 교신이 끊긴 채 우주에 남겨진다.','그래비티','Xd9HhbaqHhQ',73,2013),
	('25','drama',0,b'0','https://art-s.nflximg.net/b6cf8/be87baa5476758ba40026856d997e4c2f4eb6cf8.webp','12','2015-11-18',126,'https://art-s.nflximg.net/69a47/8526d5254108173a3f71e9e2d5eaf92043669a47.webp','한 대학의 교수들이 학교 청소부가 수학 천재라는 사실을 발견하게 되면서 상담을 통해 그의 마음의 병을 치유하도록 도와준다.','굿 윌 헌팅','qPE9bXcGnNo',50,1997),
	('26','drama',3,b'0','https://art-s.nflximg.net/dd6ae/329e515706d2c44415ee384cbb1636d1658dd6ae.webp','12','2015-11-07',99,'https://art-s.nflximg.net/69a47/8526d5254108173a3f71e9e2d5eaf92043669a47.webp','벤 셔우드의 흥미로운 소설이 원작이며 귀신이 등장하는 이 영화에서 주인공 찰리는 동생 샘이 죽은 이후에도 샘에게 헌신한다.','세인트 클라우드','xYvTI3hvDZA',1,2010),
	('27','drama',3,b'0','https://art-s.nflximg.net/8b75e/5d11fb322705dc438a9e73c38d28d2e0b6d8b75e.webp','19','2015-11-27',123,'https://art-s.nflximg.net/69a47/8526d5254108173a3f71e9e2d5eaf92043669a47.webp','니콜라스 스파크스의 베스트셀러 소설을 영화화한 작품으로 1940년대 신분 차이와 전쟁으로 헤어져야 했던 젊은 연인의 이야기를 그렸다','노트북','AF4IzD6aVU4',4,2004),
	('28','drama',0,b'0','https://art-s.nflximg.net/0acd5/0b5a0842f2d88c66aa40d3d43514a1a3f8d0acd5.webp','12','2015-11-20',97,'https://art-s.nflximg.net/69a47/8526d5254108173a3f71e9e2d5eaf92043669a47.webp','암에 걸린 두 노인은 죽기 전에 삶을 최대한으로 누리기 위해 병원을 뛰쳐나온다.','버킷 리스트','nF10QI3gGo4',64,2007),
	('29','drama',3,b'0','https://art-s.nflximg.net/9a8ac/0a9d4ac1ec9a596993ecc08bd9dd83d16b39a8ac.webp','12','2015-12-04',143,'https://art-s.nflximg.net/69a47/8526d5254108173a3f71e9e2d5eaf92043669a47.webp','닉 캐러웨이는 이웃에 사는 의문의 백만장자 제이 개츠비에게 매료되지만, 개츠비의 집요한 사랑이 비극의 소용돌이로 빠져 들어가는 것을 지켜본다.','위대한 개츠비','PVXx23YS83Q',13,2013),
	('3','family_kids',4,b'0','https://art-s.nflximg.net/c097e/f2afda3293c3e763e9cbdcc4291d972c71bc097e.webp','5','2015-10-09',94,'https://art-s.nflximg.net/69a47/8526d5254108173a3f71e9e2d5eaf92043669a47.webp','한 가정의 평범한 아빠와 남편으로 반복되는 일상에 따분함을 느끼던 슈렉. 단 하루의 일탈을 꿈꾸던 슈렉은 ‘겁나먼 세상’을 차지하려는 악당에게 속아 ‘완전 딴판 겁나먼 세상’에 떨어지고 만다.','슈렉 포에버','F7YoIHwVSmE',48,2010),
	('30','drama',4,b'0','https://art-s.nflximg.net/8decc/212e8186b66d650ed9f6f36ce10ffb6c2228decc.webp','12','2015-11-09',125,'https://art-s.nflximg.net/69a47/8526d5254108173a3f71e9e2d5eaf92043669a47.webp','외계 종족이 멜라니 스트라이더의 몸에 원더러라는 이름의 기생충을 주입한다. 멜라니는 기생충에게 몸을 빼앗기길 거부하고, 둘은 어쩔 수 없이 동지가 된다.','호스트','A9w9YE8rPKg',21,2013),
	('31','romance',3,b'0','https://art-s.nflximg.net/dd2da/2d24e7500028729cf0fe1e294df8e82b7d7dd2da.webp','19','2015-11-22',108,'https://art-s.nflximg.net/69a47/8526d5254108173a3f71e9e2d5eaf92043669a47.webp','섹스 파트너인 엠마와 아담은 서로 누구를 만나든 아무런 문제가 없었다. 적어도 둘 사이에 감정이 싹트기 전까지는 말이다.','친구와 연인사이','9f_Q9R569_4',66,2011),
	('32','romance',1,b'0','https://art-s.nflximg.net/d38f2/16f3b16c6672be3bb85fee206995ea688a3d38f2.webp','12','2015-10-15',90,'https://art-s.nflximg.net/69a47/8526d5254108173a3f71e9e2d5eaf92043669a47.webp','이미 연인이 있는 2명의 남녀가 우연히 만나게 되고 서로에게 매력을 느낀다. 오랜 세월이 지난 뒤, 둘은 재회를 열망한다.','세렌디피티','E410LehbHKM',87,2001),
	('33','romance',0,b'0','https://art-s.nflximg.net/8d916/027ca6dc49b817ec6d39bdf0643a8812c998d916.webp','12','2015-12-04',88,'https://art-s.nflximg.net/69a47/8526d5254108173a3f71e9e2d5eaf92043669a47.webp','기차역 시계 아래에 서 있던 한 싱글녀가 자신을 소개팅 상대로 착각한 낯선 남자와 만나면서 사랑을 찾을 기회를 잡는다.','런던시계탑 밑에서 사랑을 찾을 확률','VT2SwRII2Jo',48,2015),
	('34','romance',4,b'0','https://art-s.nflximg.net/f576e/5892138c88b407c42c6ecd436ed040c0ce3f576e.webp','12','2015-10-08',109,'https://art-s.nflximg.net/69a47/8526d5254108173a3f71e9e2d5eaf92043669a47.webp','이 시끌벅적한 로맨스 코미디는 섹스가 포함된 친구 관계를 유지하면서도 사랑의 감정이나 약속은 원치 않는 두 솔로의 이야기이다.','프렌즈 위드 베네핏','752cX3K9KrU',27,2011),
	('35','romance',4,b'0','https://art-s.nflximg.net/e64cf/ddb5f50b382418deadda6a8643ce91eff74e64cf.webp','12','2015-10-11',101,'https://art-s.nflximg.net/69a47/8526d5254108173a3f71e9e2d5eaf92043669a47.webp','자신의 오른팔과도 같은 여성 법률 고문 없이는 아무 결정도 내리지 못하는 백만장자 부동산 재벌. 1년 후, 견디다 못한 그 여성 변호사가 퇴사를 선언한다.','투 윅스 노티스','1YG-vYfz8yM',7,2002),
	('36','romance',0,b'0','https://art-s.nflximg.net/ba369/d75fde75157024409fb6413f6d1fa5a2188ba369.webp','12','2015-11-28',104,'https://art-s.nflximg.net/69a47/8526d5254108173a3f71e9e2d5eaf92043669a47.webp','엄격한 주방장 케이트는 자동차 사고로 여동생이 죽은 후 조카를 맡으며 인생이 변하기 시작한다.','사랑의 레시피','CYD3oJw00FU',9,2007),
	('37','romance',2,b'0','https://art-s.nflximg.net/b64e7/afc43f2301f9f61955f2a4ff87733db8ec8b64e7.webp','12','2015-10-02',116,'https://art-s.nflximg.net/69a47/8526d5254108173a3f71e9e2d5eaf92043669a47.webp','억만장자로부터 하룻밤을 같이 보내면 백만 달러를 주겠다는 제안을 받은 다이애나. 남편에게는 돈이 필요하다. 그녀는 과연 그 제안을 받아들일까?','은밀한 유혹','T5n7TNn45fY',87,1993),
	('38','romance',4,b'0','https://art-s.nflximg.net/76850/3142175678c7853068da8276ce7ecc2540376850.webp','12','2015-10-04',105,'https://art-s.nflximg.net/69a47/8526d5254108173a3f71e9e2d5eaf92043669a47.webp','한물간 옛 축구 스타가 아들과 전처와의 관계를 회복하고자 아들의 축구팀에서 감독을 맡기로 한다.','당신에게도 사랑이 다시 찾아올까요','hMA68t2PAlc',7,2012),
	('39','romance',2,b'0','https://art-s.nflximg.net/7ba67/95a647ddf7a44d768933070dea6f880cfdc7ba67.webp','12','2015-11-08',82,'https://art-s.nflximg.net/69a47/8526d5254108173a3f71e9e2d5eaf92043669a47.webp','엉뚱한 성격의 민디와 하룻밤을 보낸 뒤 불안해진 프레드는 민디에게 사후 피임약을 먹이려고 온갖 노력을 다하며 힘든 하루를 보낸다.','더 필','IKXd359AuqQ',10,2011),
	('4','family_kids',3,b'0','https://art-s.nflximg.net/feb0c/63485e4cc39ed19c709f7021fd431422e6efeb0c.webp','5','2015-10-09',96,'https://art-s.nflximg.net/69a47/8526d5254108173a3f71e9e2d5eaf92043669a47.webp','북극에 사는 여느 엘프들과는 달라도 너무 다른 버디는 자신의 진짜 아빠를 찾고, 모두에게 기쁜 크리스마스를 선물하기 위해 뉴욕으로 날아간다.','엘프','fNMtHosai08',11,2003),
	('40','romance',0,b'0','https://art-s.nflximg.net/59227/a6ea81cb73d72344482ed3c25172796d7bd59227.webp','12','2015-09-24',109,'https://art-s.nflximg.net/69a47/8526d5254108173a3f71e9e2d5eaf92043669a47.webp','결혼한 지 얼마 안 된 남편이 사고로 혼수상태에 빠지자 아내는 절망하고 남편의 쌍둥이 남동생과 열정적인 관계에 휘말린다.','비밀애','fzaoKrcb6hI',31,2010),
	('41','korean',4,b'0','https://art-s.nflximg.net/6c198/3349690ad1ebe5cae4e4b34463f320867c86c198.webp','12','2015-10-23',98,'https://art-s.nflximg.net/69a47/8526d5254108173a3f71e9e2d5eaf92043669a47.webp','익명의 청취자가 라디오 방송 중에 전화를 걸어 한강 다리를 폭파하겠다고 협박하고, 이로 인해 진행자 윤영화의 삶은 송두리째 바뀔 위기에 처한다.','더 테러 라이브','mcciB7YssDM',54,2013),
	('42','korean',1,b'0','https://art-s.nflximg.net/d289b/745a75f648a2b225f8341a9bdcbea1a09bad289b.webp','12','2015-10-21',100,'https://art-s.nflximg.net/69a47/8526d5254108173a3f71e9e2d5eaf92043669a47.webp','임 감독은 해변에서 촬영 중인 에로 공포 영화의 느낌을 살리고자 에로계 거장 봉 감독을 투입하지만, 봉 감독의 과감한 요구로 제작 자체가 위기에 처한다.','아티스트 봉만대','azLdLIU81p0',90,2013),
	('43','korean',0,b'0','https://art-s.nflximg.net/dc71f/7c238bcd38ad1eb2c92118562a96fc85af0dc71f.webp','12','2015-11-12',112,'https://art-s.nflximg.net/69a47/8526d5254108173a3f71e9e2d5eaf92043669a47.webp','겁 없는 여형사는 고등학생으로 위장해 잠복근무를 하면서 행방이 묘연한 조직폭력배의 딸과 친구가 된다./','잠복근무','l5rAlDm9fWI',10,2005),
	('44','korean',0,b'0','https://art-s.nflximg.net/db579/28dfd6fd6457acb67651a8029280d1634e6db579.webp','5','2015-10-31',123,'https://art-s.nflximg.net/69a47/8526d5254108173a3f71e9e2d5eaf92043669a47.webp','한때 유망한 성악가였던 성질 고약한 음악 선생이 테너를 꿈꾸는 어린 건달을 새로운 제자로 떠맡는다.','파파로티','OEVGLuzM2z0',16,2012),
	('45','korean',2,b'0','https://art-s.nflximg.net/a26ad/9b182cdf0d226ba2bde0908321975c563daa26ad.webp','12','2015-09-07',144,'https://art-s.nflximg.net/69a47/8526d5254108173a3f71e9e2d5eaf92043669a47.webp','과거에 한 찻집에서 봤던 춘화를 찾아 경주를 다시 방문한 대학교수가 미모의 찻집 주인과 얽히게 된다.','경주','FPQ8b_JLtDk',71,2014),
	('46','korean',1,b'0','https://art-s.nflximg.net/ea0ac/f99967869f2e4350033e6ed3dec9287ed27ea0ac.webp','12','2015-09-13',114,'https://art-s.nflximg.net/69a47/8526d5254108173a3f71e9e2d5eaf92043669a47.webp','영화계에서 성공하고자 노력하는 근면한 젊은 여성은 자신이 원하는 바를 이루는 데 도움이 되리라 약속하는 자기계발 비디오를 구매한다.','남자사용설명서','pq52lJ7nlZE',83,2013),
	('47','korean',3,b'0','https://art-s.nflximg.net/23ee5/f30684e890ac04ad8f10be2662ffee0fa4423ee5.webp','5','2015-11-11',147,'https://art-s.nflximg.net/69a47/8526d5254108173a3f71e9e2d5eaf92043669a47.webp','국제대회에 출전하여 전력을 다하는 대한민국 최초 스키점프 대표팀의 좌충우돌 도전기를 그린 실화 바탕 드라메디. 가슴 뭉클한 감동이 전해진다.','국가대표','Rw9Mxi0xf-U',82,2009),
	('48','korean',3,b'0','https://art-s.nflximg.net/1cfc3/86201a592dd6bde8456d81c1082dafedd161cfc3.webp','12','2015-11-22',94,'https://art-s.nflximg.net/69a47/8526d5254108173a3f71e9e2d5eaf92043669a47.webp','삼 형제는 이제 조폭 일을 청산하고 합법적인 건설 회사를 운영 중이다. 하지만 매제가 사장직을 맡으면서 매제를 끌어내릴 작당을 한다.','가문의영광5-가문의 귀환','wya1gyZpeMo',15,2012),
	('49','korean',2,b'0','https://art-s.nflximg.net/bc4a3/fad4dbc60e2b2f7ce3b9ca2a15d91f399c3bc4a3.webp','12','2015-10-17',107,'https://art-s.nflximg.net/69a47/8526d5254108173a3f71e9e2d5eaf92043669a47.webp','17세기 한국에서 세 명의 용감무쌍한 현상금 사냥꾼이 실종된 특사와 숨겨진 비밀을 찾아 나선다. 하지만 그들은 이내 쫓기는 신세가 된다.','조선미녀삼총사','4zysN4qeA6k',79,2014),
	('5','family_kids',0,b'0','https://art-s.nflximg.net/afe8f/7a25aa94f580b50e82faefd72a2e8e88d8fafe8f.webp','5','2015-10-22',118,'https://art-s.nflximg.net/69a47/8526d5254108173a3f71e9e2d5eaf92043669a47.webp','3부작 시리즈의 최종편인 이 영화에서 마티는 믿음직한 드로리안을 갱도에서 꺼내고 1885년의 황량한 서부에 있는 브라운 박사를 찾아간다.','백투더퓨처 3','Wp9dDV_uCnA',66,1990),
	('50','korean',1,b'0','https://art-s.nflximg.net/5ef4c/66e7cc4e6892a9092e9dd59a9ffe5cdba475ef4c.webp','5','2015-11-27',124,'https://art-s.nflximg.net/69a47/8526d5254108173a3f71e9e2d5eaf92043669a47.webp','팀 결성에서 2004년 올림픽 출전에 이르기까지, 한국 여자 핸드볼팀의 좌충우돌 감동 실화가 펼쳐진다.','우리생애 최고의 순간','5dxzJ4prmfQ',44,2008),
	('51','comedy',2,b'0','https://art-s.nflximg.net/5d072/6bb5ecc114fc618cc239bcbd3a8d37547d65d072.webp','12','2015-10-10',97,'https://art-s.nflximg.net/69a47/8526d5254108173a3f71e9e2d5eaf92043669a47.webp','케이디는 전학 간 고등학교에서 퀸카 집단에 들어가지만, 퀸카들의 리더의 전 남친이 케이디에게 호감을 느끼면서 전쟁이 시작된다.','퀸카로 살아남는법','dKuCYvId4DQ',5,2004),
	('52','comedy',0,b'0','https://art-s.nflximg.net/1dcfc/4e555d5d38bf19a1d5ec0495fc215401f131dcfc.webp','12','2015-09-23',106,'https://art-s.nflximg.net/69a47/8526d5254108173a3f71e9e2d5eaf92043669a47.webp','이전에 만났던 남자친구 중에 자신의 소울 메이트가 있다고 생각하는 앨리는 진정한 상대를 찾기 위해 옛날 남자친구들을 찾아본다.','당신은 몇번째인가요?','uJXorZrHZyQ',23,2011),
	('53','comedy',1,b'0','https://art-s.nflximg.net/b4f5d/e04c8245ce499fbec186014e78f1f601093b4f5d.webp','19','2015-11-01',94,'https://art-s.nflximg.net/69a47/8526d5254108173a3f71e9e2d5eaf92043669a47.webp','매일 밤, 1920년대의 파리로 시간 여행을 떠나는 작가는 그곳에서 예술계의 거장들과 어울리며 낭만과 영감을 찾는다.','미드나잇 인 파리','GiCAcjIfW3Q',48,2011),
	('54','comedy',0,b'0','https://art-s.nflximg.net/e9c73/6302694511397fbb7896a6ddc23fd0ab165e9c73.webp','19','2015-09-06',88,'https://art-s.nflximg.net/69a47/8526d5254108173a3f71e9e2d5eaf92043669a47.webp','서로 같은 날 같은 장소에서 결혼식을 올린다는 것을 알게 된 두 절친한 친구는 결국 앙숙이 되어버린다.','신부들의 전쟁','gj5rpixEenY',82,2009),
	('55','comedy',3,b'0','https://art-s.nflximg.net/9081d/2acf11237d8793becdefe959ecfa0a04c999081d.webp','12','2015-10-21',134,'https://art-s.nflximg.net/69a47/8526d5254108173a3f71e9e2d5eaf92043669a47.webp','로맨스에 대한 매혹적인 소고라 할 수 있는 이 앙상블 코미디 영화에서는 런던을 배경으로 얽히고설킨 10가지 사랑 이야기가 크리스마스 이브에 절정을 맞는다.','러브 액츄얼리','7w-FtQ2Ak_o',91,2003),
	('56','comedy',2,b'0','https://art-s.nflximg.net/eac04/444e51ecd78b17cf1edf1b5f6a609155f97eac04.webp','12','2015-10-14',109,'https://art-s.nflximg.net/69a47/8526d5254108173a3f71e9e2d5eaf92043669a47.webp','비밀 첩보원으로서 제대로 활동하지 못하고 있던 불운한 요원 맥스웰 스마트는 첩보계의 슈퍼스타 에이전트 99와 함께 테러리스트 집단을 막아야만 한다.','겟 스마트','K9WNBO3szgQ',12,2008),
	('57','comedy',0,b'0','https://art-s.nflximg.net/eb46f/7a8f0aedd508a1c8696a6a8040f6f428bb2eb46f.webp','19','2015-10-12',146,'https://art-s.nflximg.net/69a47/8526d5254108173a3f71e9e2d5eaf92043669a47.webp','캐리, 샬롯, 사만다와 미란다는 이국적 향기가 물씬 풍기는 아부다비로 고대했던 휴가를 즐기러 간다.','섹스 앤 더 시티 2','23VUXgqzvMU',47,2010),
	('58','comedy',0,b'0','https://art-s.nflximg.net/43336/d860fb193bac63ae73fa2751e1092c1a0e543336.webp','12','2015-10-10',103,'https://art-s.nflximg.net/69a47/8526d5254108173a3f71e9e2d5eaf92043669a47.webp','트루먼의 일거수일투족이 24시간 생방송 되는 트루먼 쇼의 주인공 트루먼 버뱅크는 엄청난 인기를 끌지만, 그는 전혀 알지 못한다.','트루먼쇼','9_vAtTLshso',32,1998),
	('59','comedy',4,b'0','https://art-s.nflximg.net/0ebbd/41444b0344fa7827ab9a62857470db367150ebbd.webp','19','2015-11-12',109,'https://art-s.nflximg.net/69a47/8526d5254108173a3f71e9e2d5eaf92043669a47.webp','장래 유망한 고등학생 매튜는 예쁜 이웃집 여자에게 반하지만, 그녀는 전 포르노 배우였던 것으로 밝혀진다. 이제 매튜가 꿈꿨던 밝았던 미래는 어두워져 버렸다.','내겐 너무 아찔한 그녀','xkq7RUAuR2Q',53,2004),
	('6','family_kids',3,b'0','https://art-s.nflximg.net/44ac5/ab7a5f48995ac3200a36685e935667d7b3644ac5.webp','5','2015-11-24',95,'https://art-s.nflximg.net/69a47/8526d5254108173a3f71e9e2d5eaf92043669a47.webp','기차역에서 구조된 패딩턴 곰은 런던에서 새로운 가족을 만나 행복한 나날을 보내지만, 패딩턴을 소장하려는 박제사가 나타나면서 평화는 깨지고 만다.','패딩턴','PmAQ45761CI',65,2014),
	('60','comedy',0,b'0','https://art-s.nflximg.net/62a2c/6f369cb9bc11a7f60fd1adf3738c6b2486c62a2c.webp','12','2015-09-12',104,'https://art-s.nflximg.net/69a47/8526d5254108173a3f71e9e2d5eaf92043669a47.webp','알로하에는 두 가지 의미가 있다. 하와이에서 과거의 연인과 새로운 연인 사이에서 갈팡질팡하고 있는 이 남자에게 가장 와닿는 단어가 아닐까?','알로하','sghlP81-Y2w',64,2015),
	('61','action',0,b'0','https://art-s.nflximg.net/babeb/cf266c5d538ef7b48221c5e6f941adb470ebabeb.webp','15','2015-10-26',107,'https://art-s.nflximg.net/69a47/8526d5254108173a3f71e9e2d5eaf92043669a47.webp','반이상향적 미래에서는 전체주의 정권이 약물로 대중을 조종하고 감정의 표현을 사형으로 처벌함으로써 평화를 유지한다.','이퀼리브리엄','RBnJ0wzKOdE',99,2002),
	('62','action',2,b'0','https://art-s.nflximg.net/09934/245a98e19d095c5b662e4ef469aec5d35db09934.webp','12','2015-11-11',131,'http://awesomewallpaper.files.wordpress.com/2013/08/pacific-rim-wallpapers-7.jpg','바다 외계 생명체에 맞선 세계 동맹이 실패로 끝나면서 전직 파일럿과 새내기 파일럿이 힘을 합쳐 지구를 구하려 한다.','퍼시픽 림','i0ZJ7BUkUco',69,2013),
	('63','action',2,b'0','https://art-s.nflximg.net/729b8/ec855d04a472b310d05b4512dedb208db0f729b8.webp','12','2015-10-06',100,'https://art-s.nflximg.net/69a47/8526d5254108173a3f71e9e2d5eaf92043669a47.webp','바이러스로 인해 피에 굶주린 돌연변이로 변해 버린 인류. 유일하게 감염되지 않은 로버트 네빌 박사에게 그들의 운명이 달려 있다.','나는 전설이다','EA2T1RYBtM8',49,2007),
	('64','action',4,b'0','https://art-s.nflximg.net/c6637/53b560254b7c8c287460108a63d723f83bcc6637.webp','12','2015-11-26',89,'https://art-s.nflximg.net/69a47/8526d5254108173a3f71e9e2d5eaf92043669a47.webp','모스크바를 방문한 미국 청년들의 눈 앞에서 외계인의 공격이 시작되면서 도시는 쑥대밭이 되고, 그들은 현지인들과 힘을 합쳐 외계인에 맞서 싸운다.','다크 아워','MkZID5xPDTk',86,2011),
	('65','action',2,b'0','https://art-s.nflximg.net/d7f46/b821ec7a6f6961b2460635c10faed511243d7f46.webp','12','2015-11-27',128,'https://art-s.nflximg.net/69a47/8526d5254108173a3f71e9e2d5eaf92043669a47.webp','가이 리치가 새롭게 연출한 아서 코난 도일의 탐정 시리즈에서 로버트 다우니 주니어가 전설적인 탐정 셜록 홈즈를 연기한다.','셜록 홈즈','N57Csxg9Ebw',69,2009),
	('66','action',0,b'0','https://art-s.nflximg.net/6b778/42f4284ac174c98c37ebf8d0421eb14fd4a6b778.webp','15','2015-10-05',120,'https://art-s.nflximg.net/69a47/8526d5254108173a3f71e9e2d5eaf92043669a47.webp','평범해 보이지만 평범하지 않은 킬러 부부 존과 제인은 서로가 동종 업계에 있다는 사실을 모른채 서로를 대면하게 될 임무를 맡는다.','미스터 & 미세스 스미스','H2mfR32cHB0',100,2005),
	('67','action',4,b'0','https://art-s.nflximg.net/05ae9/a4c0ad7c18fdb142297c6203a81b77f94cf05ae9.webp','15','2015-12-07',132,'https://art-s.nflximg.net/69a47/8526d5254108173a3f71e9e2d5eaf92043669a47.webp','특수비밀요원 에단 헌트와 팀원들은 크렘린 궁에 폭탄을 터뜨렸다는 누명을 벗기 위해 다시 한 번 지상 최대의 불가능한 임무를 맡는다.','미션 임파서블: 고스트 프로토콜','VLiAEXZK0qY',86,2011),
	('68','action',2,b'0','https://art-s.nflximg.net/4c4ca/89dd24b7d22a70f8e8403159d4f155b6fac4c4ca.webp','12','2015-11-17',122,'https://art-s.nflximg.net/69a47/8526d5254108173a3f71e9e2d5eaf92043669a47.webp','스타들이 총출동한 범죄영화 시리즈의 마지막 편에서는 매력적인 사기꾼 대니 오션과 그의 팀이 멤버의 뒤통수를 친 라스베가스의 거물에게 복수를 시작한다.','오션스 12','u7VTkceSsEw',59,2007),
	('69','action',1,b'0','https://art-s.nflximg.net/eadbf/9ee9538f739ef16abd8c025171ce0600867eadbf.webp','15','2015-11-07',162,'https://art-s.nflximg.net/69a47/8526d5254108173a3f71e9e2d5eaf92043669a47.webp','사랑에 빠진 트로이의 파리스 왕자는 스파르타의 왕비 헬레네를 빼앗고, 두 나라는 전쟁에 휘말리고 만다.','트로이','OFWOzENwX3M',4,2004),
	('7','family_kids',2,b'0','https://art-s.nflximg.net/7eb0f/b230b8ccc8514d5f0a78e3e8e6103925ff57eb0f.webp','5','2015-09-25',114,'https://art-s.nflximg.net/69a47/8526d5254108173a3f71e9e2d5eaf92043669a47.webp','괴짜 윌리 웡카의 초콜릿 공장을 견학하게 된 행운의 어린이 5명은 그가 만들어내는 놀라운 과자의 비밀을 알게 된다.','찰리와 초콜릿 공장','SOEXNxQl01A',23,2005),
	('70','action',0,b'0','https://art-s.nflximg.net/033a9/0df087bf6b2c40b51872e1fd3c816590fb9033a9.webp','15','2015-10-02',140,'https://art-s.nflximg.net/69a47/8526d5254108173a3f71e9e2d5eaf92043669a47.webp','록슬리경은 자신의 검을 록슬리 가문의 남자에게 전해 달라는 유언을 남기고, 로빈 후드는 약속을 지키기 위해 노팅엄으로 간다.','로빈후드','uypPXJzFxAQ',27,2010),
	('71','winner',3,b'0','https://art-s.nflximg.net/618f9/16fff93c9ba3986b60ac874c87d49429d09618f9.webp','12','2015-09-22',144,'https://art-s.nflximg.net/69a47/8526d5254108173a3f71e9e2d5eaf92043669a47.webp','페덱스의 시스템 엔지니어 척 놀런드가 탄 비행기가 태평양에 추락한다. 척은 무인도에서 살아남기 위해 홀로 외로운 투쟁을 시작한다.','캐스트 어웨이','2TWYDogv4WQ',94,2000),
	('72','winner',0,b'0','https://art-s.nflximg.net/1926a/4ee3412c11815e55e201776e5279b5c6ccb1926a.webp','12','2015-11-01',128,'https://art-s.nflximg.net/69a47/8526d5254108173a3f71e9e2d5eaf92043669a47.webp','실화를 바탕으로 한 감동적인 이야기에서는 부유한 가정에서 살게 된 집 없는 흑인 소년이 보살핌을 받게 되면서 훌륭한 풋볼선수로 거듭난다.','블라인드 사이드','I24d30buecw',34,2009),
	('73','winner',2,b'0','https://art-s.nflximg.net/37451/12be0c76fb21d1e04798c800b6207f712a837451.webp','12','2015-09-12',114,'https://art-s.nflximg.net/69a47/8526d5254108173a3f71e9e2d5eaf92043669a47.webp','돈 많은 남자와의 결혼을 꿈꾸는 홀리 골라이틀리. 부유한 여성의 후원으로 같은 건물에 이사 온 작가 지망생 폴 버잭에게 끌리게 된다.','티파니에서 아침을','0je-S_ANAKg',95,1961),
	('74','winner',2,b'0','https://art-s.nflximg.net/28028/fe4f2a9fb4892b26b026b40973ddcc893c328028.webp','12','2015-11-19',169,'https://art-s.nflximg.net/69a47/8526d5254108173a3f71e9e2d5eaf92043669a47.webp','제2차 세계대전 중 8명의 미 육군 유격대원들은 형제 3명이 전사한 군인을 무사히 귀환시키기 위한 임무를 띠고 독일군 점령 영토에 침투한다.','라이언 일병 구하기','t2_BmIGC2Js',72,1998),
	('75','winner',3,b'0','https://art-s.nflximg.net/45a4a/a8678c59e4416bc9d47ce1fbcd632b46bee45a4a.webp','12','2015-09-08',136,'https://art-s.nflximg.net/69a47/8526d5254108173a3f71e9e2d5eaf92043669a47.webp','2002년 아카데미상 수상작. 정신 질환으로 고통받는 유명 천재 경제학자 존 포브스 내시 주니어의 삶과 업적을 그렸다.','뷰티풀 마인드','RyztQpfG82A',90,2001),
	('76','winner',1,b'0','https://art-s.nflximg.net/2c0c2/be95102a6c35de36e3ae11fcf7bb05bb42c2c0c2.webp','12','2015-11-13',142,'https://art-s.nflximg.net/69a47/8526d5254108173a3f71e9e2d5eaf92043669a47.webp','착하지만 머리가 좀 둔한 포레스트 검프는 1960년대와 1970년대에 일어난 중요한 사건 중 거의 모든 사건에 개입된다.','포레스트 검프','wM67yX1-0NI',30,1994),
	('77','winner',2,b'0','https://art-s.nflximg.net/239ac/cc8a3910e60cfead31d2ab3b685d43478c2239ac.webp','15','2015-10-23',141,'https://art-s.nflximg.net/69a47/8526d5254108173a3f71e9e2d5eaf92043669a47.webp','FBI 요원이 사기꾼 프랭크 에벡네일 주니어의 뒤를 쫓는다. 하지만 프랭크는 수사망을 교묘히 빠져나갈 뿐 아니라 그 과정을 즐긴다.','캐치 미 이프 유 캔','71rDQ7z4eFg',54,2002),
	('78','winner',0,b'0','https://art-s.nflximg.net/772e8/a28b77b855f6b074642dd9b56b71d7ce42a772e8.webp','19','2015-11-03',121,'https://art-s.nflximg.net/69a47/8526d5254108173a3f71e9e2d5eaf92043669a47.webp','완벽주의자 아내, 변변치 못한 직업, 퉁명스런 10대 자녀를 애써 견뎌내던 한 남자는 딸의 친구에게 마음을 빼앗긴다.','아메리칸 뷰티','V_ugV2T1X6c',74,1999),
	('79','winner',3,b'0','https://art-s.nflximg.net/f0194/46a400afd7e0bbed75bc52be2168978f1b1f0194.webp','5','2015-12-01',116,'https://art-s.nflximg.net/69a47/8526d5254108173a3f71e9e2d5eaf92043669a47.webp','아내, 아들과 함께 강제 수용소로 보내진 유대인 웨이터는 아들의 순수함을 지켜 주기 위해 게임을 시작한다.','인생은 아름다워','LC903LkokMA',1,1997),
	('8','family_kids',4,b'0','https://art-s.nflximg.net/0bab8/ad02b6278a86fc017ccd4278e5b69363cc20bab8.webp','5','2015-11-27',99,'https://art-s.nflximg.net/69a47/8526d5254108173a3f71e9e2d5eaf92043669a47.webp','바이킹 족장의 아들이지만 겁이 많은 히컵 호렌더스 해덕 3세가 전사로서의 패기를 입증하기 위해 용을 죽여야 하는 임무를 맡게 된다.','드래곤 길들이기','xPpEHNkHKBc',40,2010),
	('80','winner',1,b'0','https://art-s.nflximg.net/625da/b72543d23bd9a9c90af5206569fe93194c1625da.webp','19','2015-11-22',202,'https://art-s.nflximg.net/69a47/8526d5254108173a3f71e9e2d5eaf92043669a47.webp','대부 3부작의 두 번째 이야기에서는 코를리오네 가문의 뿌리를 살펴본다. 돈 비토가 시칠리아에서 뉴욕으로 건너가 조직범죄에 가담하는 과정을 그린다.','대부 2','k3gcc_BK2jg',84,1974),
	('81','sf_fantasy',3,b'0','https://art-s.nflximg.net/182fb/d66b72b34936ecf5ca9d705e294752009b2182fb.webp','12','2015-09-07',136,'https://art-s.nflximg.net/69a47/8526d5254108173a3f71e9e2d5eaf92043669a47.webp','한 컴퓨터 해커가 사람들 대부분이 현실로 여기는 세상이 사실은 기계가 만든 시뮬레이션임을 깨달으면서 자유를 위한 반란에 가담한다.','매트릭스','m8e-FF8MsqU',86,1999),
	('82','sf_fantasy',2,b'0','https://art-s.nflximg.net/72ec2/cb4591a48739baad3b666d07a82ebd16c8b72ec2.webp','12','2015-11-21',109,'https://art-s.nflximg.net/69a47/8526d5254108173a3f71e9e2d5eaf92043669a47.webp','아무도 늙지 않는 가까운 미래에 한 남자는 수십 년 전 죽은 부유한 살인 희생자로부터 유산을 물려받아 용의자가 된다.','인 타임','HjkNlz_1WKQ',94,2011),
	('83','sf_fantasy',4,b'0','https://art-s.nflximg.net/54858/cf1631ad3ed4ac2c589f54cccbdafbb728154858.webp','12','2015-10-02',178,'https://art-s.nflximg.net/69a47/8526d5254108173a3f71e9e2d5eaf92043669a47.webp','호빗들의 평화로운 마을에서부터 연기로 가득한 모르도르까지, 프로도 배긴스는 사우론의 반지를 파괴한다는 사명을 짊어지고 장대한 여정에 오른다.','반지의 제왕: 반지 원정대','7OIzI2_Byds',63,2001),
	('84','sf_fantasy',3,b'0','https://art-s.nflximg.net/da1e0/58866d16559636e3f6aa794ae3f59d4a715da1e0.webp','15','2015-11-11',145,'https://art-s.nflximg.net/69a47/8526d5254108173a3f71e9e2d5eaf92043669a47.webp','범죄가 발생하기 전에 범죄를 예측할 수 있는 시스템을 갖추게 된 21세기 말. 프리크라임 최고의 경찰이 살인 혐의를 받게 된다.','마이너리티 리포트','0kMeqnLHoT4',1,2002),
	('85','sf_fantasy',1,b'0','https://art-s.nflximg.net/c5748/99d2d3fca321c225b2104e29383b461c5e5c5748.webp','15','2015-10-26',146,'https://art-s.nflximg.net/69a47/8526d5254108173a3f71e9e2d5eaf92043669a47.webp','헝거 게임에서 승리한 캣니스 에버딘이 “승리의 여행길”에 올라 여러 구역을 도는 동안 그녀를 중심으로 저항의 열기가 뜨거워진다.','헝거게임:캣칭 파이어','HFU496S1J5A',53,2013),
	('86','sf_fantasy',1,b'0','https://art-s.nflximg.net/ca0b5/c4b668c1ab5b63896172f60ef46859999faca0b5.webp','12','2015-11-19',139,'https://art-s.nflximg.net/69a47/8526d5254108173a3f71e9e2d5eaf92043669a47.webp','부모님의 살해 사건을 파헤치던 브루스 웨인은 어둠의 사도에 들어가 수련을 거친 후 고담시로 돌아와 새 복면을 쓰고 범죄와 맞서 싸운다.','배트맨 비긴즈','vLMkFGTHvsU',9,2005),
	('87','sf_fantasy',0,b'0','https://art-s.nflximg.net/5cf56/34c886849262ac313fc3963731e93e9de925cf56.webp','12','2015-09-27',143,'https://art-s.nflximg.net/69a47/8526d5254108173a3f71e9e2d5eaf92043669a47.webp','오토봇과 디셉티콘이 지구의 자원 지배권을 두고 싸움을 벌인다. 인류 생존의 유일한 희망은 어린 샘 윗위키지만 그는 이 사실을 꿈에도 알지 못하는데…','트랜스포머','cU-dcTiHNHk',9,2007),
	('88','sf_fantasy',3,b'0','https://art-s.nflximg.net/48255/09caaf72e262120dcf2329a00278b8d8ee748255.webp','12','2015-11-16',127,'https://art-s.nflximg.net/69a47/8526d5254108173a3f71e9e2d5eaf92043669a47.webp','진 로든버리의 인기 SF 시리즈를 리부트한 작품으로, 우주선 엔터프라이즈호의 캡틴 커크과 믿음직한 선원들의 비행 초반 이야기를 다룬다.','스타트렉:더 비기닝','ru-x4cj96YQ',55,2009),
	('89','sf_fantasy',0,b'0','https://art-s.nflximg.net/fcfa2/4272a4bb87c51b721d0c69cbc88588f77dcfcfa2.webp','12','2015-10-22',117,'https://art-s.nflximg.net/69a47/8526d5254108173a3f71e9e2d5eaf92043669a47.webp','우주선이 지구를 침공하고 위험이 시시각각 고조되자, 한 부두 노동자는 난생처음 홀로 아이들을 보호하는 아버지 역할을 하게 된다.','우주전쟁','bszKeSeDsbs',15,2005),
	('9','family_kids',3,b'0','https://art-s.nflximg.net/92bdc/955a81704483837912a07c20f421ada150c92bdc.webp','5','2015-10-02',90,'https://art-s.nflximg.net/69a47/8526d5254108173a3f71e9e2d5eaf92043669a47.webp','구조가 실패로 끝나자 알렉스와 친구들은 아프리카에 좌초된다. 알렉스는 자신과 현지 동물들 사이에 공통점이 거의 없다는 것을 깨닫게 된다.','마다가스카2','VXqSYGmMSyI',46,2008),
	('90','sf_fantasy',3,b'0','https://art-s.nflximg.net/26d3a/25fedea52c1f5ccf47d2fa11dde2948076426d3a.webp','12','2015-09-28',142,'https://art-s.nflximg.net/69a47/8526d5254108173a3f71e9e2d5eaf92043669a47.webp','기자인 클라크 켄트는 자신의 힘을 숨긴 채 살아가지만, 사악한 장군이 지구를 파괴하려 들자 수퍼맨의 실체를 드러낸다.','맨 오브 스틸','YJQ5euGLtQ8',79,2013),
	('901','tv',2,b'1','https://art-s.nflximg.net/f465c/8a71fb89129677a8ef7d26a4d4a5ab1fd12f465c.jpg','만 12세 이상 관람','2017-01-13',65,'https://art-s.nflximg.net/69a47/8526d5254108173a3f71e9e2d5eaf92043669a47.webp','끔찍한 화재로 하루아침에 부모를 잃은 보들레어 집안의 총명한 삼남매. 가족의 오랜 비밀을 발견해나가는 운명적인 여정에서 고난과 시련, 그리고 사악한 올라프 백작을 상대해야 한다.','위험한 대결(A Series of Unfortunate Events)','6UfyWWnpV2s',23,2017),
	('902','tv',3,b'1','https://art-s.nflximg.net/730bf/a84b93f9d434f1cfa4f93247b5f82b044c9730bf.jpg','19세 이상','2016-02-14',55,'https://art-s.nflximg.net/69a47/8526d5254108173a3f71e9e2d5eaf92043669a47.webp','에미상과 골든글로브상을 수상한 이 정치 드라마에서는 백악관에 입성하기 위해 물불을 가리지 않는 무자비한 정치인의 이야기가 펼쳐진다.','House of Cards','NTzycsqxYJ0',1534,2016),
	('903','tv',3,b'1','https://art-s.nflximg.net/9bddd/ea62aa097dffe2001c03b2b9a7bbee334b99bddd.webp','15세 이상','2016-03-14',78,'http://mediad.publicbroadcasting.net/p/wkar/files/styles/x_large/public/201612/sherlock_s4_tableau_16x9.jpg','아서 코넌 도일 경의 인기 추리 소설을 새롭게 재해석한 작품. 괴짜 명탐정 셜록이 단서를 찾아 현대의 런던 거리를 배회한다.','셜록','qlcWFoNqZHc',2367,2016),
	('904','tv',3,b'1','https://art-s.nflximg.net/e423d/c70531720497a755fc235251cc7f26f59c0e423d.webp','15세 이상','2014-05-05',63,'https://art-s.nflximg.net/69a47/8526d5254108173a3f71e9e2d5eaf92043669a47.webp','스캔들로 철창신세가 된 정치인 남편 때문에 다시 변호사로 일하게 된 얼리샤 플로릭의 이야기를 담은 법정 드라마.','The Good Wife','GBCDnWPLVVk',4532,2014),
	('905','tv',1,b'1','https://art-s.nflximg.net/09c84/c65fe9bc21240b8671e8883bd1e585a4b5209c84.jpg','15세 이상','2016-04-14',54,'https://art-s.nflximg.net/69a47/8526d5254108173a3f71e9e2d5eaf92043669a47.webp','엘리자베스 2세의 재위 중 펼쳐진 정치적 투기와 로맨스, 그리고 20세기 후반 세계의 지각을 형성한 사건들을 엮어낸 드라마.','더 크라운','OBJpARw9eEE',231,2016),
	('906','tv',3,b'1','https://art-s.nflximg.net/94206/63270cdcbf998490a8087f0abd2060d15bb94206.jpg','19세 이상','2016-05-14',49,'https://art-s.nflximg.net/69a47/8526d5254108173a3f71e9e2d5eaf92043669a47.webp','괴력을 소지한 후드티 차림의 전과자가 결백을 증명하고 이웃을 구하기 위해 싸운다. 싸움을 원하는 건 아니지만 사람들에겐 영웅이 필요한 법이다.','마블 루크 케이지','njwn_KDe8pc',451,2016),
	('907','tv',4,b'1','https://art-s.nflximg.net/70f28/e3c7bc00d64f44d15e76e5e1e890e46b5c970f28.jpg','모든 연령가','2016-06-14',77,'https://art-s.nflximg.net/69a47/8526d5254108173a3f71e9e2d5eaf92043669a47.webp','스토리텔링의 귀재 기예르모 델 토로의 판타지 소설이 애니메이션으로 찾아왔다. 평범한 소년이 마을 지하에 존재하는 놀라운 몬스터의 세계를 발견하며 펼쳐지는 이야기.','트롤헌터','sxj3CtpOqMU',189,2016),
	('908','tv',0,b'1','https://art-s.nflximg.net/f71ca/991fb1b61ec9c1987a0c982bacc6a879becf71ca.webp','19세 이상','2016-07-14',54,'https://art-s.nflximg.net/69a47/8526d5254108173a3f71e9e2d5eaf92043669a47.webp','젊은 시절, 고든 경감은 브루스 웨인의 부모를 살해한 자를 복수하기 위해 범죄와 부패를 막는 고담 시의 젊은 형사로 활약한다.','Gotham','VwOPA2upeCA',528,2016),
	('909','tv',1,b'1','https://art-s.nflximg.net/a5867/7517ed67084652fce5324a6afb708c76933a5867.jpg','15세 이상','2017-01-13',68,'https://art-s.nflximg.net/69a47/8526d5254108173a3f71e9e2d5eaf92043669a47.webp','디자이너의 또 다른 이름 이노베이터. 다양한 분야에서 혁신을 창출하는 디자이너들을 만나 우리의 일상 곳곳을 새로이 파고드는 디자인 세계를 짚어본다.','앱스트랙트','DYaq2sWTWAA',123,2017),
	('910','tv',2,b'1','https://art-s.nflximg.net/096f9/6d639d809dd2321b60a318969dfdedcae54096f9.jpg','15세 이상','2016-08-20',72,'https://art-s.nflximg.net/69a47/8526d5254108173a3f71e9e2d5eaf92043669a47.webp','10년의 세월을 돌아 드디어 길모어 걸스가 다시 찾아 왔다. 한 해의 사계절을 배경으로 로렐라이, 로리 그리고 에밀리 길모어의 새로운 이야기가 펼쳐진다.','길모어걸스:한해의 스케치','kGGNNSmGDpU',265,2016),
	('911','tv',0,b'1','https://art-s.nflximg.net/2de3d/8923ca31dc65b83b5d92dff6c60739c39e22de3d.jpg','15세 이상','2016-09-20',60,'https://art-s.nflximg.net/69a47/8526d5254108173a3f71e9e2d5eaf92043669a47.webp','갑작스런 공격으로 삽시간에 아수라장이 된 워싱턴. 이제 미합중국의 운명이 하위 관료 한 명의 손에 달렸다. 긴장을 늦출 수 없는 정치 스릴러.','지정생존자','N_f1v0Nx5Sw',490,2016),
	('912','tv',4,b'1','https://art-s.nflximg.net/0e28b/832cb823c69cdfaaabf5417d06b205c60550e28b.webp','12세 이상','2016-10-20',59,'https://art-s.nflximg.net/69a47/8526d5254108173a3f71e9e2d5eaf92043669a47.webp','최장수 인기 개그 웹툰 마음의 소리를 원작으로 한 시트콤. 웹툰 작가 조석과 그의 괴짜 가족의 상상 이하 + 어드벤처 + 요절복통 일상이 펼쳐진다.','마음의 소리','EHJO0L0wg78',632,2016),
	('913','tv',3,b'1','https://art-s.nflximg.net/c9464/be7f985ef8ac01e967655ed1c4f7ada3ed3c9464.webp','15세 이상','2016-11-20',68,'https://art-s.nflximg.net/69a47/8526d5254108173a3f71e9e2d5eaf92043669a47.webp','신종 테러의 위협으로부터 나라를 지키기 위해 국토안보부는 슈퍼 천재와 그의 괴짜 천재 팀을 소집한다.','스콜피온','qrAivSW9Lbc',412,2016),
	('914','tv',3,b'1','https://art-s.nflximg.net/e0ad9/149deeee89bf84723c5edec0a61151a1520e0ad9.jpg','15세 이상','2017-01-20',49,'https://art-s.nflximg.net/69a47/8526d5254108173a3f71e9e2d5eaf92043669a47.webp','미국 시트콤의 고전을 리메이크했다. 고등학생 딸과 초등학생 아들을 친정 엄마의 도움 아닌 도움으로 키워가는 쿠바계 열혈 싱글맘. 그녀의 하루하루를 담았다.','원데이앳어타임','wNFFleycS8k',95,2017),
	('915','tv',3,b'1','https://art-s.nflximg.net/cf19d/73c41b984d45a8eee5331d75714b78d7c55cf19d.jpg','15세 이상','2016-05-10',57,'https://art-s.nflximg.net/69a47/8526d5254108173a3f71e9e2d5eaf92043669a47.webp','해병대 출신의 퇴역한 명사수 밥 리는 대통령 암살 음모를 저지해달라는 백악관의 요청을 받고 현업에 복귀하지만 곧 살인 누명을 쓰고 만다.','더블타켓','6ZVcPhDt-kM',675,2016),
	('916','tv',1,b'1','https://art-s.nflximg.net/f12eb/f1fdcd171fd22d2cb8f58286d0d6a0dda8af12eb.webp','15세 이상','2016-06-19',47,'https://art-s.nflximg.net/69a47/8526d5254108173a3f71e9e2d5eaf92043669a47.webp','청소년의 몸을 한 뱀파이어 스테판과 데이먼은 서로 앙숙으로, 엘레나라는 소녀를 사로잡기 위해 경쟁한다.','The Vampire Diaries','zAa_RgTeO7g',884,2016),
	('917','tv',3,b'1','https://art-s.nflximg.net/64d25/1173f252deae6810fcf49fc7b35cbb7ea7c64d25.jpg','15세 이상','2016-07-15',63,'https://art-s.nflximg.net/69a47/8526d5254108173a3f71e9e2d5eaf92043669a47.webp','종말론 사이비 종교에서 구출되어 뉴욕으로 온 한 여성은 더 이상 존재하지 않는다고 믿었던 세상을 헤쳐 나가야만 한다.','언브레이커블 키미 슈미트','gyNq-9ztK58',333,2016);

INSERT INTO `episodes` (`content`, `episode`, `season`, `poster`, `reg_date`, `runtime`, `summary`, `title`, `video`)
VALUES
	('901',1,1,'https://art-s.nflximg.net/73b3a/d94a010f28b09cd1fec222432cb46bf17c473b3a.webp','2017-01-13',65,'위험한 대결(A Series of Unfortunate Events) 시즌1 1화 줄거리 : ~~~','위험한 대결(A Series of Unfortunate Events) 시즌1 1화','6UfyWWnpV2s'),
	('901',2,1,'https://art-s.nflximg.net/73b3a/d94a010f28b09cd1fec222432cb46bf17c473b3a.webp','2017-01-13',65,'위험한 대결(A Series of Unfortunate Events) 시즌1 2화 줄거리 : ~~~','위험한 대결(A Series of Unfortunate Events) 시즌1 2화','6UfyWWnpV2s'),
	('901',3,1,'https://art-s.nflximg.net/73b3a/d94a010f28b09cd1fec222432cb46bf17c473b3a.webp','2017-01-13',65,'위험한 대결(A Series of Unfortunate Events) 시즌1 3화 줄거리 : ~~~','위험한 대결(A Series of Unfortunate Events) 시즌1 3화','6UfyWWnpV2s'),
	('901',4,1,'https://art-s.nflximg.net/73b3a/d94a010f28b09cd1fec222432cb46bf17c473b3a.webp','2017-01-13',65,'위험한 대결(A Series of Unfortunate Events) 시즌1 4화 줄거리 : ~~~','위험한 대결(A Series of Unfortunate Events) 시즌1 4화','6UfyWWnpV2s'),
	('901',5,1,'https://art-s.nflximg.net/73b3a/d94a010f28b09cd1fec222432cb46bf17c473b3a.webp','2017-01-13',65,'위험한 대결(A Series of Unfortunate Events) 시즌1 5화 줄거리 : ~~~','위험한 대결(A Series of Unfortunate Events) 시즌1 5화','6UfyWWnpV2s'),
	('901',6,1,'https://art-s.nflximg.net/73b3a/d94a010f28b09cd1fec222432cb46bf17c473b3a.webp','2017-01-13',65,'위험한 대결(A Series of Unfortunate Events) 시즌1 6화 줄거리 : ~~~','위험한 대결(A Series of Unfortunate Events) 시즌1 6화','6UfyWWnpV2s'),
	('901',7,1,'https://art-s.nflximg.net/73b3a/d94a010f28b09cd1fec222432cb46bf17c473b3a.webp','2017-01-13',65,'위험한 대결(A Series of Unfortunate Events) 시즌1 7화 줄거리 : ~~~','위험한 대결(A Series of Unfortunate Events) 시즌1 7화','6UfyWWnpV2s'),
	('901',8,1,'https://art-s.nflximg.net/73b3a/d94a010f28b09cd1fec222432cb46bf17c473b3a.webp','2017-01-13',65,'위험한 대결(A Series of Unfortunate Events) 시즌1 8화 줄거리 : ~~~','위험한 대결(A Series of Unfortunate Events) 시즌1 8화','6UfyWWnpV2s'),
	('902',1,1,'https://art-s.nflximg.net/73b3a/d94a010f28b09cd1fec222432cb46bf17c473b3a.webp','2016-02-14',55,'House of Cards 시즌1 1화 줄거리 : ~~~','House of Cards 시즌1 1화','NTzycsqxYJ0'),
	('902',1,2,'https://art-s.nflximg.net/73b3a/d94a010f28b09cd1fec222432cb46bf17c473b3a.webp','2016-02-14',55,'House of Cards 시즌2 1화 줄거리 : ~~~','House of Cards 시즌2 1화','NTzycsqxYJ0'),
	('902',1,3,'https://art-s.nflximg.net/73b3a/d94a010f28b09cd1fec222432cb46bf17c473b3a.webp','2016-02-14',55,'House of Cards 시즌3 1화 줄거리 : ~~~','House of Cards 시즌3 1화','NTzycsqxYJ0'),
	('902',1,4,'https://art-s.nflximg.net/73b3a/d94a010f28b09cd1fec222432cb46bf17c473b3a.webp','2016-02-14',55,'House of Cards 시즌4 1화 줄거리 : ~~~','House of Cards 시즌4 1화','NTzycsqxYJ0'),
	('902',2,1,'https://art-s.nflximg.net/73b3a/d94a010f28b09cd1fec222432cb46bf17c473b3a.webp','2016-02-14',55,'House of Cards 시즌1 2화 줄거리 : ~~~','House of Cards 시즌1 2화','NTzycsqxYJ0'),
	('902',2,2,'https://art-s.nflximg.net/73b3a/d94a010f28b09cd1fec222432cb46bf17c473b3a.webp','2016-02-14',55,'House of Cards 시즌2 2화 줄거리 : ~~~','House of Cards 시즌2 2화','NTzycsqxYJ0'),
	('902',2,3,'https://art-s.nflximg.net/73b3a/d94a010f28b09cd1fec222432cb46bf17c473b3a.webp','2016-02-14',55,'House of Cards 시즌3 2화 줄거리 : ~~~','House of Cards 시즌3 2화','NTzycsqxYJ0'),
	('902',2,4,'https://art-s.nflximg.net/73b3a/d94a010f28b09cd1fec222432cb46bf17c473b3a.webp','2016-02-14',55,'House of Cards 시즌4 2화 줄거리 : ~~~','House of Cards 시즌4 2화','NTzycsqxYJ0'),
	('902',3,1,'https://art-s.nflximg.net/73b3a/d94a010f28b09cd1fec222432cb46bf17c473b3a.webp','2016-02-14',55,'House of Cards 시즌1 3화 줄거리 : ~~~','House of Cards 시즌1 3화','NTzycsqxYJ0'),
	('902',3,2,'https://art-s.nflximg.net/73b3a/d94a010f28b09cd1fec222432cb46bf17c473b3a.webp','2016-02-14',55,'House of Cards 시즌2 3화 줄거리 : ~~~','House of Cards 시즌2 3화','NTzycsqxYJ0'),
	('902',3,3,'https://art-s.nflximg.net/73b3a/d94a010f28b09cd1fec222432cb46bf17c473b3a.webp','2016-02-14',55,'House of Cards 시즌3 3화 줄거리 : ~~~','House of Cards 시즌3 3화','NTzycsqxYJ0'),
	('902',3,4,'https://art-s.nflximg.net/73b3a/d94a010f28b09cd1fec222432cb46bf17c473b3a.webp','2016-02-14',55,'House of Cards 시즌4 3화 줄거리 : ~~~','House of Cards 시즌4 3화','NTzycsqxYJ0'),
	('902',4,1,'https://art-s.nflximg.net/73b3a/d94a010f28b09cd1fec222432cb46bf17c473b3a.webp','2016-02-14',55,'House of Cards 시즌1 4화 줄거리 : ~~~','House of Cards 시즌1 4화','NTzycsqxYJ0'),
	('902',4,2,'https://art-s.nflximg.net/73b3a/d94a010f28b09cd1fec222432cb46bf17c473b3a.webp','2016-02-14',55,'House of Cards 시즌2 4화 줄거리 : ~~~','House of Cards 시즌2 4화','NTzycsqxYJ0'),
	('902',4,3,'https://art-s.nflximg.net/73b3a/d94a010f28b09cd1fec222432cb46bf17c473b3a.webp','2016-02-14',55,'House of Cards 시즌3 4화 줄거리 : ~~~','House of Cards 시즌3 4화','NTzycsqxYJ0'),
	('902',4,4,'https://art-s.nflximg.net/73b3a/d94a010f28b09cd1fec222432cb46bf17c473b3a.webp','2016-02-14',55,'House of Cards 시즌4 4화 줄거리 : ~~~','House of Cards 시즌4 4화','NTzycsqxYJ0'),
	('902',5,1,'https://art-s.nflximg.net/73b3a/d94a010f28b09cd1fec222432cb46bf17c473b3a.webp','2016-02-14',55,'House of Cards 시즌1 5화 줄거리 : ~~~','House of Cards 시즌1 5화','NTzycsqxYJ0'),
	('902',5,2,'https://art-s.nflximg.net/73b3a/d94a010f28b09cd1fec222432cb46bf17c473b3a.webp','2016-02-14',55,'House of Cards 시즌2 5화 줄거리 : ~~~','House of Cards 시즌2 5화','NTzycsqxYJ0'),
	('902',5,3,'https://art-s.nflximg.net/73b3a/d94a010f28b09cd1fec222432cb46bf17c473b3a.webp','2016-02-14',55,'House of Cards 시즌3 5화 줄거리 : ~~~','House of Cards 시즌3 5화','NTzycsqxYJ0'),
	('902',5,4,'https://art-s.nflximg.net/73b3a/d94a010f28b09cd1fec222432cb46bf17c473b3a.webp','2016-02-14',55,'House of Cards 시즌4 5화 줄거리 : ~~~','House of Cards 시즌4 5화','NTzycsqxYJ0'),
	('902',6,1,'https://art-s.nflximg.net/73b3a/d94a010f28b09cd1fec222432cb46bf17c473b3a.webp','2016-02-14',55,'House of Cards 시즌1 6화 줄거리 : ~~~','House of Cards 시즌1 6화','NTzycsqxYJ0'),
	('902',6,2,'https://art-s.nflximg.net/73b3a/d94a010f28b09cd1fec222432cb46bf17c473b3a.webp','2016-02-14',55,'House of Cards 시즌2 6화 줄거리 : ~~~','House of Cards 시즌2 6화','NTzycsqxYJ0'),
	('902',6,3,'https://art-s.nflximg.net/73b3a/d94a010f28b09cd1fec222432cb46bf17c473b3a.webp','2016-02-14',55,'House of Cards 시즌3 6화 줄거리 : ~~~','House of Cards 시즌3 6화','NTzycsqxYJ0'),
	('902',6,4,'https://art-s.nflximg.net/73b3a/d94a010f28b09cd1fec222432cb46bf17c473b3a.webp','2016-02-14',55,'House of Cards 시즌4 6화 줄거리 : ~~~','House of Cards 시즌4 6화','NTzycsqxYJ0'),
	('902',7,1,'https://art-s.nflximg.net/73b3a/d94a010f28b09cd1fec222432cb46bf17c473b3a.webp','2016-02-14',55,'House of Cards 시즌1 7화 줄거리 : ~~~','House of Cards 시즌1 7화','NTzycsqxYJ0'),
	('902',7,2,'https://art-s.nflximg.net/73b3a/d94a010f28b09cd1fec222432cb46bf17c473b3a.webp','2016-02-14',55,'House of Cards 시즌2 7화 줄거리 : ~~~','House of Cards 시즌2 7화','NTzycsqxYJ0'),
	('902',7,3,'https://art-s.nflximg.net/73b3a/d94a010f28b09cd1fec222432cb46bf17c473b3a.webp','2016-02-14',55,'House of Cards 시즌3 7화 줄거리 : ~~~','House of Cards 시즌3 7화','NTzycsqxYJ0'),
	('902',7,4,'https://art-s.nflximg.net/73b3a/d94a010f28b09cd1fec222432cb46bf17c473b3a.webp','2016-02-14',55,'House of Cards 시즌4 7화 줄거리 : ~~~','House of Cards 시즌4 7화','NTzycsqxYJ0'),
	('902',8,1,'https://art-s.nflximg.net/73b3a/d94a010f28b09cd1fec222432cb46bf17c473b3a.webp','2016-02-14',55,'House of Cards 시즌1 8화 줄거리 : ~~~','House of Cards 시즌1 8화','NTzycsqxYJ0'),
	('902',8,2,'https://art-s.nflximg.net/73b3a/d94a010f28b09cd1fec222432cb46bf17c473b3a.webp','2016-02-14',55,'House of Cards 시즌2 8화 줄거리 : ~~~','House of Cards 시즌2 8화','NTzycsqxYJ0'),
	('902',8,3,'https://art-s.nflximg.net/73b3a/d94a010f28b09cd1fec222432cb46bf17c473b3a.webp','2016-02-14',55,'House of Cards 시즌3 8화 줄거리 : ~~~','House of Cards 시즌3 8화','NTzycsqxYJ0'),
	('902',8,4,'https://art-s.nflximg.net/73b3a/d94a010f28b09cd1fec222432cb46bf17c473b3a.webp','2016-02-14',55,'House of Cards 시즌4 8화 줄거리 : ~~~','House of Cards 시즌4 8화','NTzycsqxYJ0'),
	('902',9,1,'https://art-s.nflximg.net/73b3a/d94a010f28b09cd1fec222432cb46bf17c473b3a.webp','2016-02-14',55,'House of Cards 시즌1 9화 줄거리 : ~~~','House of Cards 시즌1 9화','NTzycsqxYJ0'),
	('902',9,2,'https://art-s.nflximg.net/73b3a/d94a010f28b09cd1fec222432cb46bf17c473b3a.webp','2016-02-14',55,'House of Cards 시즌2 9화 줄거리 : ~~~','House of Cards 시즌2 9화','NTzycsqxYJ0'),
	('902',9,3,'https://art-s.nflximg.net/73b3a/d94a010f28b09cd1fec222432cb46bf17c473b3a.webp','2016-02-14',55,'House of Cards 시즌3 9화 줄거리 : ~~~','House of Cards 시즌3 9화','NTzycsqxYJ0'),
	('902',9,4,'https://art-s.nflximg.net/73b3a/d94a010f28b09cd1fec222432cb46bf17c473b3a.webp','2016-02-14',55,'House of Cards 시즌4 9화 줄거리 : ~~~','House of Cards 시즌4 9화','NTzycsqxYJ0'),
	('902',10,1,'https://art-s.nflximg.net/73b3a/d94a010f28b09cd1fec222432cb46bf17c473b3a.webp','2016-02-14',55,'House of Cards 시즌1 10화 줄거리 : ~~~','House of Cards 시즌1 10화','NTzycsqxYJ0'),
	('902',10,2,'https://art-s.nflximg.net/73b3a/d94a010f28b09cd1fec222432cb46bf17c473b3a.webp','2016-02-14',55,'House of Cards 시즌2 10화 줄거리 : ~~~','House of Cards 시즌2 10화','NTzycsqxYJ0'),
	('902',10,3,'https://art-s.nflximg.net/73b3a/d94a010f28b09cd1fec222432cb46bf17c473b3a.webp','2016-02-14',55,'House of Cards 시즌3 10화 줄거리 : ~~~','House of Cards 시즌3 10화','NTzycsqxYJ0'),
	('902',10,4,'https://art-s.nflximg.net/73b3a/d94a010f28b09cd1fec222432cb46bf17c473b3a.webp','2016-02-14',55,'House of Cards 시즌4 10화 줄거리 : ~~~','House of Cards 시즌4 10화','NTzycsqxYJ0'),
	('902',11,1,'https://art-s.nflximg.net/73b3a/d94a010f28b09cd1fec222432cb46bf17c473b3a.webp','2016-02-14',55,'House of Cards 시즌1 11화 줄거리 : ~~~','House of Cards 시즌1 11화','NTzycsqxYJ0'),
	('902',11,3,'https://art-s.nflximg.net/73b3a/d94a010f28b09cd1fec222432cb46bf17c473b3a.webp','2016-02-14',55,'House of Cards 시즌3 11화 줄거리 : ~~~','House of Cards 시즌3 11화','NTzycsqxYJ0'),
	('902',11,4,'https://art-s.nflximg.net/73b3a/d94a010f28b09cd1fec222432cb46bf17c473b3a.webp','2016-02-14',55,'House of Cards 시즌4 11화 줄거리 : ~~~','House of Cards 시즌4 11화','NTzycsqxYJ0'),
	('902',12,1,'https://art-s.nflximg.net/73b3a/d94a010f28b09cd1fec222432cb46bf17c473b3a.webp','2016-02-14',55,'House of Cards 시즌1 12화 줄거리 : ~~~','House of Cards 시즌1 12화','NTzycsqxYJ0'),
	('902',12,3,'https://art-s.nflximg.net/73b3a/d94a010f28b09cd1fec222432cb46bf17c473b3a.webp','2016-02-14',55,'House of Cards 시즌3 12화 줄거리 : ~~~','House of Cards 시즌3 12화','NTzycsqxYJ0'),
	('902',12,4,'https://art-s.nflximg.net/73b3a/d94a010f28b09cd1fec222432cb46bf17c473b3a.webp','2016-02-14',55,'House of Cards 시즌4 12화 줄거리 : ~~~','House of Cards 시즌4 12화','NTzycsqxYJ0'),
	('902',13,1,'https://art-s.nflximg.net/73b3a/d94a010f28b09cd1fec222432cb46bf17c473b3a.webp','2016-02-14',55,'House of Cards 시즌1 13화 줄거리 : ~~~','House of Cards 시즌1 13화','NTzycsqxYJ0'),
	('902',13,3,'https://art-s.nflximg.net/73b3a/d94a010f28b09cd1fec222432cb46bf17c473b3a.webp','2016-02-14',55,'House of Cards 시즌3 13화 줄거리 : ~~~','House of Cards 시즌3 13화','NTzycsqxYJ0'),
	('902',13,4,'https://art-s.nflximg.net/73b3a/d94a010f28b09cd1fec222432cb46bf17c473b3a.webp','2016-02-14',55,'House of Cards 시즌4 13화 줄거리 : ~~~','House of Cards 시즌4 13화','NTzycsqxYJ0'),
	('903',1,1,'https://art-s.nflximg.net/73b3a/d94a010f28b09cd1fec222432cb46bf17c473b3a.webp','2016-03-14',78,'셜록 시즌1 1화 줄거리 : ~~~','셜록 시즌1 1화','qlcWFoNqZHc'),
	('903',1,2,'https://art-s.nflximg.net/73b3a/d94a010f28b09cd1fec222432cb46bf17c473b3a.webp','2016-03-14',78,'셜록 시즌2 1화 줄거리 : ~~~','셜록 시즌2 1화','qlcWFoNqZHc'),
	('903',1,3,'https://art-s.nflximg.net/73b3a/d94a010f28b09cd1fec222432cb46bf17c473b3a.webp','2016-03-14',78,'셜록 시즌3 1화 줄거리 : ~~~','셜록 시즌3 1화','qlcWFoNqZHc'),
	('903',1,4,'https://art-s.nflximg.net/73b3a/d94a010f28b09cd1fec222432cb46bf17c473b3a.webp','2016-03-14',78,'셜록 시즌4 1화 줄거리 : ~~~','셜록 시즌4 1화','qlcWFoNqZHc'),
	('903',2,1,'https://art-s.nflximg.net/73b3a/d94a010f28b09cd1fec222432cb46bf17c473b3a.webp','2016-03-14',78,'셜록 시즌1 2화 줄거리 : ~~~','셜록 시즌1 2화','qlcWFoNqZHc'),
	('903',2,2,'https://art-s.nflximg.net/73b3a/d94a010f28b09cd1fec222432cb46bf17c473b3a.webp','2016-03-14',78,'셜록 시즌2 2화 줄거리 : ~~~','셜록 시즌2 2화','qlcWFoNqZHc'),
	('903',2,3,'https://art-s.nflximg.net/73b3a/d94a010f28b09cd1fec222432cb46bf17c473b3a.webp','2016-03-14',78,'셜록 시즌3 2화 줄거리 : ~~~','셜록 시즌3 2화','qlcWFoNqZHc'),
	('903',2,4,'https://art-s.nflximg.net/73b3a/d94a010f28b09cd1fec222432cb46bf17c473b3a.webp','2016-03-14',78,'셜록 시즌4 2화 줄거리 : ~~~','셜록 시즌4 2화','qlcWFoNqZHc'),
	('903',3,1,'https://art-s.nflximg.net/73b3a/d94a010f28b09cd1fec222432cb46bf17c473b3a.webp','2016-03-14',78,'셜록 시즌1 3화 줄거리 : ~~~','셜록 시즌1 3화','qlcWFoNqZHc'),
	('903',3,2,'https://art-s.nflximg.net/73b3a/d94a010f28b09cd1fec222432cb46bf17c473b3a.webp','2016-03-14',78,'셜록 시즌2 3화 줄거리 : ~~~','셜록 시즌2 3화','qlcWFoNqZHc'),
	('903',3,3,'https://art-s.nflximg.net/73b3a/d94a010f28b09cd1fec222432cb46bf17c473b3a.webp','2016-03-14',78,'셜록 시즌3 3화 줄거리 : ~~~','셜록 시즌3 3화','qlcWFoNqZHc'),
	('903',3,4,'https://art-s.nflximg.net/73b3a/d94a010f28b09cd1fec222432cb46bf17c473b3a.webp','2016-03-14',78,'셜록 시즌4 3화 줄거리 : ~~~','셜록 시즌4 3화','qlcWFoNqZHc'),
	('903',4,1,'https://art-s.nflximg.net/73b3a/d94a010f28b09cd1fec222432cb46bf17c473b3a.webp','2016-03-14',78,'셜록 시즌1 4화 줄거리 : ~~~','셜록 시즌1 4화','qlcWFoNqZHc'),
	('903',4,3,'https://art-s.nflximg.net/73b3a/d94a010f28b09cd1fec222432cb46bf17c473b3a.webp','2016-03-14',78,'셜록 시즌3 4화 줄거리 : ~~~','셜록 시즌3 4화','qlcWFoNqZHc'),
	('903',4,4,'https://art-s.nflximg.net/73b3a/d94a010f28b09cd1fec222432cb46bf17c473b3a.webp','2016-03-14',78,'셜록 시즌4 4화 줄거리 : ~~~','셜록 시즌4 4화','qlcWFoNqZHc'),
	('904',1,1,'https://art-s.nflximg.net/73b3a/d94a010f28b09cd1fec222432cb46bf17c473b3a.webp','2014-05-05',63,'The Good Wife 시즌1 1화 줄거리 : ~~~','The Good Wife 시즌1 1화','GBCDnWPLVVk'),
	('904',1,2,'https://art-s.nflximg.net/73b3a/d94a010f28b09cd1fec222432cb46bf17c473b3a.webp','2014-05-05',63,'The Good Wife 시즌2 1화 줄거리 : ~~~','The Good Wife 시즌2 1화','GBCDnWPLVVk'),
	('904',1,3,'https://art-s.nflximg.net/73b3a/d94a010f28b09cd1fec222432cb46bf17c473b3a.webp','2014-05-05',63,'The Good Wife 시즌3 1화 줄거리 : ~~~','The Good Wife 시즌3 1화','GBCDnWPLVVk'),
	('904',1,4,'https://art-s.nflximg.net/73b3a/d94a010f28b09cd1fec222432cb46bf17c473b3a.webp','2014-05-05',63,'The Good Wife 시즌4 1화 줄거리 : ~~~','The Good Wife 시즌4 1화','GBCDnWPLVVk'),
	('904',2,1,'https://art-s.nflximg.net/73b3a/d94a010f28b09cd1fec222432cb46bf17c473b3a.webp','2014-05-05',63,'The Good Wife 시즌1 2화 줄거리 : ~~~','The Good Wife 시즌1 2화','GBCDnWPLVVk'),
	('904',2,2,'https://art-s.nflximg.net/73b3a/d94a010f28b09cd1fec222432cb46bf17c473b3a.webp','2014-05-05',63,'The Good Wife 시즌2 2화 줄거리 : ~~~','The Good Wife 시즌2 2화','GBCDnWPLVVk'),
	('904',2,3,'https://art-s.nflximg.net/73b3a/d94a010f28b09cd1fec222432cb46bf17c473b3a.webp','2014-05-05',63,'The Good Wife 시즌3 2화 줄거리 : ~~~','The Good Wife 시즌3 2화','GBCDnWPLVVk'),
	('904',2,4,'https://art-s.nflximg.net/73b3a/d94a010f28b09cd1fec222432cb46bf17c473b3a.webp','2014-05-05',63,'The Good Wife 시즌4 2화 줄거리 : ~~~','The Good Wife 시즌4 2화','GBCDnWPLVVk'),
	('904',3,1,'https://art-s.nflximg.net/73b3a/d94a010f28b09cd1fec222432cb46bf17c473b3a.webp','2014-05-05',63,'The Good Wife 시즌1 3화 줄거리 : ~~~','The Good Wife 시즌1 3화','GBCDnWPLVVk'),
	('904',3,2,'https://art-s.nflximg.net/73b3a/d94a010f28b09cd1fec222432cb46bf17c473b3a.webp','2014-05-05',63,'The Good Wife 시즌2 3화 줄거리 : ~~~','The Good Wife 시즌2 3화','GBCDnWPLVVk'),
	('904',3,3,'https://art-s.nflximg.net/73b3a/d94a010f28b09cd1fec222432cb46bf17c473b3a.webp','2014-05-05',63,'The Good Wife 시즌3 3화 줄거리 : ~~~','The Good Wife 시즌3 3화','GBCDnWPLVVk'),
	('904',3,4,'https://art-s.nflximg.net/73b3a/d94a010f28b09cd1fec222432cb46bf17c473b3a.webp','2014-05-05',63,'The Good Wife 시즌4 3화 줄거리 : ~~~','The Good Wife 시즌4 3화','GBCDnWPLVVk'),
	('904',4,1,'https://art-s.nflximg.net/73b3a/d94a010f28b09cd1fec222432cb46bf17c473b3a.webp','2014-05-05',63,'The Good Wife 시즌1 4화 줄거리 : ~~~','The Good Wife 시즌1 4화','GBCDnWPLVVk'),
	('904',4,3,'https://art-s.nflximg.net/73b3a/d94a010f28b09cd1fec222432cb46bf17c473b3a.webp','2014-05-05',63,'The Good Wife 시즌3 4화 줄거리 : ~~~','The Good Wife 시즌3 4화','GBCDnWPLVVk'),
	('904',4,4,'https://art-s.nflximg.net/73b3a/d94a010f28b09cd1fec222432cb46bf17c473b3a.webp','2014-05-05',63,'The Good Wife 시즌4 4화 줄거리 : ~~~','The Good Wife 시즌4 4화','GBCDnWPLVVk'),
	('905',1,1,'https://art-s.nflximg.net/73b3a/d94a010f28b09cd1fec222432cb46bf17c473b3a.webp','2016-04-14',54,'더 크라운 시즌1 1화 줄거리 : ~~~','더 크라운 시즌1 1화','OBJpARw9eEE'),
	('905',2,1,'https://art-s.nflximg.net/73b3a/d94a010f28b09cd1fec222432cb46bf17c473b3a.webp','2016-04-14',54,'더 크라운 시즌1 2화 줄거리 : ~~~','더 크라운 시즌1 2화','OBJpARw9eEE'),
	('905',3,1,'https://art-s.nflximg.net/73b3a/d94a010f28b09cd1fec222432cb46bf17c473b3a.webp','2016-04-14',54,'더 크라운 시즌1 3화 줄거리 : ~~~','더 크라운 시즌1 3화','OBJpARw9eEE'),
	('905',4,1,'https://art-s.nflximg.net/73b3a/d94a010f28b09cd1fec222432cb46bf17c473b3a.webp','2016-04-14',54,'더 크라운 시즌1 4화 줄거리 : ~~~','더 크라운 시즌1 4화','OBJpARw9eEE'),
	('905',5,1,'https://art-s.nflximg.net/73b3a/d94a010f28b09cd1fec222432cb46bf17c473b3a.webp','2016-04-14',54,'더 크라운 시즌1 5화 줄거리 : ~~~','더 크라운 시즌1 5화','OBJpARw9eEE'),
	('905',6,1,'https://art-s.nflximg.net/73b3a/d94a010f28b09cd1fec222432cb46bf17c473b3a.webp','2016-04-14',54,'더 크라운 시즌1 6화 줄거리 : ~~~','더 크라운 시즌1 6화','OBJpARw9eEE'),
	('905',7,1,'https://art-s.nflximg.net/73b3a/d94a010f28b09cd1fec222432cb46bf17c473b3a.webp','2016-04-14',54,'더 크라운 시즌1 7화 줄거리 : ~~~','더 크라운 시즌1 7화','OBJpARw9eEE'),
	('905',8,1,'https://art-s.nflximg.net/73b3a/d94a010f28b09cd1fec222432cb46bf17c473b3a.webp','2016-04-14',54,'더 크라운 시즌1 8화 줄거리 : ~~~','더 크라운 시즌1 8화','OBJpARw9eEE'),
	('905',9,1,'https://art-s.nflximg.net/73b3a/d94a010f28b09cd1fec222432cb46bf17c473b3a.webp','2016-04-14',54,'더 크라운 시즌1 9화 줄거리 : ~~~','더 크라운 시즌1 9화','OBJpARw9eEE'),
	('905',10,1,'https://art-s.nflximg.net/73b3a/d94a010f28b09cd1fec222432cb46bf17c473b3a.webp','2016-04-14',54,'더 크라운 시즌1 10화 줄거리 : ~~~','더 크라운 시즌1 10화','OBJpARw9eEE'),
	('906',1,1,'https://art-s.nflximg.net/73b3a/d94a010f28b09cd1fec222432cb46bf17c473b3a.webp','2016-05-14',49,'마블 루크 케이지 시즌1 1화 줄거리 : ~~~','마블 루크 케이지 시즌1 1화','njwn_KDe8pc'),
	('906',2,1,'https://art-s.nflximg.net/73b3a/d94a010f28b09cd1fec222432cb46bf17c473b3a.webp','2016-05-14',49,'마블 루크 케이지 시즌1 2화 줄거리 : ~~~','마블 루크 케이지 시즌1 2화','njwn_KDe8pc'),
	('906',3,1,'https://art-s.nflximg.net/73b3a/d94a010f28b09cd1fec222432cb46bf17c473b3a.webp','2016-05-14',49,'마블 루크 케이지 시즌1 3화 줄거리 : ~~~','마블 루크 케이지 시즌1 3화','njwn_KDe8pc'),
	('906',4,1,'https://art-s.nflximg.net/73b3a/d94a010f28b09cd1fec222432cb46bf17c473b3a.webp','2016-05-14',49,'마블 루크 케이지 시즌1 4화 줄거리 : ~~~','마블 루크 케이지 시즌1 4화','njwn_KDe8pc'),
	('906',5,1,'https://art-s.nflximg.net/73b3a/d94a010f28b09cd1fec222432cb46bf17c473b3a.webp','2016-05-14',49,'마블 루크 케이지 시즌1 5화 줄거리 : ~~~','마블 루크 케이지 시즌1 5화','njwn_KDe8pc'),
	('906',6,1,'https://art-s.nflximg.net/73b3a/d94a010f28b09cd1fec222432cb46bf17c473b3a.webp','2016-05-14',49,'마블 루크 케이지 시즌1 6화 줄거리 : ~~~','마블 루크 케이지 시즌1 6화','njwn_KDe8pc'),
	('906',7,1,'https://art-s.nflximg.net/73b3a/d94a010f28b09cd1fec222432cb46bf17c473b3a.webp','2016-05-14',49,'마블 루크 케이지 시즌1 7화 줄거리 : ~~~','마블 루크 케이지 시즌1 7화','njwn_KDe8pc'),
	('906',8,1,'https://art-s.nflximg.net/73b3a/d94a010f28b09cd1fec222432cb46bf17c473b3a.webp','2016-05-14',49,'마블 루크 케이지 시즌1 8화 줄거리 : ~~~','마블 루크 케이지 시즌1 8화','njwn_KDe8pc'),
	('906',9,1,'https://art-s.nflximg.net/73b3a/d94a010f28b09cd1fec222432cb46bf17c473b3a.webp','2016-05-14',49,'마블 루크 케이지 시즌1 9화 줄거리 : ~~~','마블 루크 케이지 시즌1 9화','njwn_KDe8pc'),
	('906',10,1,'https://art-s.nflximg.net/73b3a/d94a010f28b09cd1fec222432cb46bf17c473b3a.webp','2016-05-14',49,'마블 루크 케이지 시즌1 10화 줄거리 : ~~~','마블 루크 케이지 시즌1 10화','njwn_KDe8pc'),
	('906',11,1,'https://art-s.nflximg.net/73b3a/d94a010f28b09cd1fec222432cb46bf17c473b3a.webp','2016-05-14',49,'마블 루크 케이지 시즌1 11화 줄거리 : ~~~','마블 루크 케이지 시즌1 11화','njwn_KDe8pc'),
	('906',12,1,'https://art-s.nflximg.net/73b3a/d94a010f28b09cd1fec222432cb46bf17c473b3a.webp','2016-05-14',49,'마블 루크 케이지 시즌1 12화 줄거리 : ~~~','마블 루크 케이지 시즌1 12화','njwn_KDe8pc'),
	('906',13,1,'https://art-s.nflximg.net/73b3a/d94a010f28b09cd1fec222432cb46bf17c473b3a.webp','2016-05-14',49,'마블 루크 케이지 시즌1 13화 줄거리 : ~~~','마블 루크 케이지 시즌1 13화','njwn_KDe8pc'),
	('907',1,1,'https://art-s.nflximg.net/73b3a/d94a010f28b09cd1fec222432cb46bf17c473b3a.webp','2016-06-14',77,'트롤헌터 시즌1 1화 줄거리 : ~~~','트롤헌터 시즌1 1화','sxj3CtpOqMU'),
	('907',2,1,'https://art-s.nflximg.net/73b3a/d94a010f28b09cd1fec222432cb46bf17c473b3a.webp','2016-06-14',77,'트롤헌터 시즌1 2화 줄거리 : ~~~','트롤헌터 시즌1 2화','sxj3CtpOqMU'),
	('907',3,1,'https://art-s.nflximg.net/73b3a/d94a010f28b09cd1fec222432cb46bf17c473b3a.webp','2016-06-14',77,'트롤헌터 시즌1 3화 줄거리 : ~~~','트롤헌터 시즌1 3화','sxj3CtpOqMU'),
	('907',4,1,'https://art-s.nflximg.net/73b3a/d94a010f28b09cd1fec222432cb46bf17c473b3a.webp','2016-06-14',77,'트롤헌터 시즌1 4화 줄거리 : ~~~','트롤헌터 시즌1 4화','sxj3CtpOqMU'),
	('907',5,1,'https://art-s.nflximg.net/73b3a/d94a010f28b09cd1fec222432cb46bf17c473b3a.webp','2016-06-14',77,'트롤헌터 시즌1 5화 줄거리 : ~~~','트롤헌터 시즌1 5화','sxj3CtpOqMU'),
	('907',6,1,'https://art-s.nflximg.net/73b3a/d94a010f28b09cd1fec222432cb46bf17c473b3a.webp','2016-06-14',77,'트롤헌터 시즌1 6화 줄거리 : ~~~','트롤헌터 시즌1 6화','sxj3CtpOqMU'),
	('907',7,1,'https://art-s.nflximg.net/73b3a/d94a010f28b09cd1fec222432cb46bf17c473b3a.webp','2016-06-14',77,'트롤헌터 시즌1 7화 줄거리 : ~~~','트롤헌터 시즌1 7화','sxj3CtpOqMU'),
	('907',8,1,'https://art-s.nflximg.net/73b3a/d94a010f28b09cd1fec222432cb46bf17c473b3a.webp','2016-06-14',77,'트롤헌터 시즌1 8화 줄거리 : ~~~','트롤헌터 시즌1 8화','sxj3CtpOqMU'),
	('907',9,1,'https://art-s.nflximg.net/73b3a/d94a010f28b09cd1fec222432cb46bf17c473b3a.webp','2016-06-14',77,'트롤헌터 시즌1 9화 줄거리 : ~~~','트롤헌터 시즌1 9화','sxj3CtpOqMU'),
	('907',10,1,'https://art-s.nflximg.net/73b3a/d94a010f28b09cd1fec222432cb46bf17c473b3a.webp','2016-06-14',77,'트롤헌터 시즌1 10화 줄거리 : ~~~','트롤헌터 시즌1 10화','sxj3CtpOqMU'),
	('907',11,1,'https://art-s.nflximg.net/73b3a/d94a010f28b09cd1fec222432cb46bf17c473b3a.webp','2016-06-14',77,'트롤헌터 시즌1 11화 줄거리 : ~~~','트롤헌터 시즌1 11화','sxj3CtpOqMU'),
	('907',12,1,'https://art-s.nflximg.net/73b3a/d94a010f28b09cd1fec222432cb46bf17c473b3a.webp','2016-06-14',77,'트롤헌터 시즌1 12화 줄거리 : ~~~','트롤헌터 시즌1 12화','sxj3CtpOqMU'),
	('907',13,1,'https://art-s.nflximg.net/73b3a/d94a010f28b09cd1fec222432cb46bf17c473b3a.webp','2016-06-14',77,'트롤헌터 시즌1 13화 줄거리 : ~~~','트롤헌터 시즌1 13화','sxj3CtpOqMU'),
	('908',1,1,'https://art-s.nflximg.net/73b3a/d94a010f28b09cd1fec222432cb46bf17c473b3a.webp','2016-07-14',54,'Gotham 시즌1 1화 줄거리 : ~~~','Gotham 시즌1 1화','VwOPA2upeCA'),
	('908',1,2,'https://art-s.nflximg.net/73b3a/d94a010f28b09cd1fec222432cb46bf17c473b3a.webp','2016-07-14',54,'Gotham 시즌2 1화 줄거리 : ~~~','Gotham 시즌2 1화','VwOPA2upeCA'),
	('908',1,3,'https://art-s.nflximg.net/73b3a/d94a010f28b09cd1fec222432cb46bf17c473b3a.webp','2016-07-14',54,'Gotham 시즌3 1화 줄거리 : ~~~','Gotham 시즌3 1화','VwOPA2upeCA'),
	('908',2,1,'https://art-s.nflximg.net/73b3a/d94a010f28b09cd1fec222432cb46bf17c473b3a.webp','2016-07-14',54,'Gotham 시즌1 2화 줄거리 : ~~~','Gotham 시즌1 2화','VwOPA2upeCA'),
	('908',2,2,'https://art-s.nflximg.net/73b3a/d94a010f28b09cd1fec222432cb46bf17c473b3a.webp','2016-07-14',54,'Gotham 시즌2 2화 줄거리 : ~~~','Gotham 시즌2 2화','VwOPA2upeCA'),
	('908',2,3,'https://art-s.nflximg.net/73b3a/d94a010f28b09cd1fec222432cb46bf17c473b3a.webp','2016-07-14',54,'Gotham 시즌3 2화 줄거리 : ~~~','Gotham 시즌3 2화','VwOPA2upeCA'),
	('908',3,1,'https://art-s.nflximg.net/73b3a/d94a010f28b09cd1fec222432cb46bf17c473b3a.webp','2016-07-14',54,'Gotham 시즌1 3화 줄거리 : ~~~','Gotham 시즌1 3화','VwOPA2upeCA'),
	('908',3,2,'https://art-s.nflximg.net/73b3a/d94a010f28b09cd1fec222432cb46bf17c473b3a.webp','2016-07-14',54,'Gotham 시즌2 3화 줄거리 : ~~~','Gotham 시즌2 3화','VwOPA2upeCA'),
	('908',3,3,'https://art-s.nflximg.net/73b3a/d94a010f28b09cd1fec222432cb46bf17c473b3a.webp','2016-07-14',54,'Gotham 시즌3 3화 줄거리 : ~~~','Gotham 시즌3 3화','VwOPA2upeCA'),
	('908',4,1,'https://art-s.nflximg.net/73b3a/d94a010f28b09cd1fec222432cb46bf17c473b3a.webp','2016-07-14',54,'Gotham 시즌1 4화 줄거리 : ~~~','Gotham 시즌1 4화','VwOPA2upeCA'),
	('908',4,2,'https://art-s.nflximg.net/73b3a/d94a010f28b09cd1fec222432cb46bf17c473b3a.webp','2016-07-14',54,'Gotham 시즌2 4화 줄거리 : ~~~','Gotham 시즌2 4화','VwOPA2upeCA'),
	('908',4,3,'https://art-s.nflximg.net/73b3a/d94a010f28b09cd1fec222432cb46bf17c473b3a.webp','2016-07-14',54,'Gotham 시즌3 4화 줄거리 : ~~~','Gotham 시즌3 4화','VwOPA2upeCA'),
	('908',5,1,'https://art-s.nflximg.net/73b3a/d94a010f28b09cd1fec222432cb46bf17c473b3a.webp','2016-07-14',54,'Gotham 시즌1 5화 줄거리 : ~~~','Gotham 시즌1 5화','VwOPA2upeCA'),
	('908',5,2,'https://art-s.nflximg.net/73b3a/d94a010f28b09cd1fec222432cb46bf17c473b3a.webp','2016-07-14',54,'Gotham 시즌2 5화 줄거리 : ~~~','Gotham 시즌2 5화','VwOPA2upeCA'),
	('908',5,3,'https://art-s.nflximg.net/73b3a/d94a010f28b09cd1fec222432cb46bf17c473b3a.webp','2016-07-14',54,'Gotham 시즌3 5화 줄거리 : ~~~','Gotham 시즌3 5화','VwOPA2upeCA'),
	('908',6,1,'https://art-s.nflximg.net/73b3a/d94a010f28b09cd1fec222432cb46bf17c473b3a.webp','2016-07-14',54,'Gotham 시즌1 6화 줄거리 : ~~~','Gotham 시즌1 6화','VwOPA2upeCA'),
	('908',6,2,'https://art-s.nflximg.net/73b3a/d94a010f28b09cd1fec222432cb46bf17c473b3a.webp','2016-07-14',54,'Gotham 시즌2 6화 줄거리 : ~~~','Gotham 시즌2 6화','VwOPA2upeCA'),
	('908',6,3,'https://art-s.nflximg.net/73b3a/d94a010f28b09cd1fec222432cb46bf17c473b3a.webp','2016-07-14',54,'Gotham 시즌3 6화 줄거리 : ~~~','Gotham 시즌3 6화','VwOPA2upeCA'),
	('908',7,1,'https://art-s.nflximg.net/73b3a/d94a010f28b09cd1fec222432cb46bf17c473b3a.webp','2016-07-14',54,'Gotham 시즌1 7화 줄거리 : ~~~','Gotham 시즌1 7화','VwOPA2upeCA'),
	('908',7,2,'https://art-s.nflximg.net/73b3a/d94a010f28b09cd1fec222432cb46bf17c473b3a.webp','2016-07-14',54,'Gotham 시즌2 7화 줄거리 : ~~~','Gotham 시즌2 7화','VwOPA2upeCA'),
	('908',7,3,'https://art-s.nflximg.net/73b3a/d94a010f28b09cd1fec222432cb46bf17c473b3a.webp','2016-07-14',54,'Gotham 시즌3 7화 줄거리 : ~~~','Gotham 시즌3 7화','VwOPA2upeCA'),
	('908',8,1,'https://art-s.nflximg.net/73b3a/d94a010f28b09cd1fec222432cb46bf17c473b3a.webp','2016-07-14',54,'Gotham 시즌1 8화 줄거리 : ~~~','Gotham 시즌1 8화','VwOPA2upeCA'),
	('908',8,2,'https://art-s.nflximg.net/73b3a/d94a010f28b09cd1fec222432cb46bf17c473b3a.webp','2016-07-14',54,'Gotham 시즌2 8화 줄거리 : ~~~','Gotham 시즌2 8화','VwOPA2upeCA'),
	('908',8,3,'https://art-s.nflximg.net/73b3a/d94a010f28b09cd1fec222432cb46bf17c473b3a.webp','2016-07-14',54,'Gotham 시즌3 8화 줄거리 : ~~~','Gotham 시즌3 8화','VwOPA2upeCA'),
	('908',9,1,'https://art-s.nflximg.net/73b3a/d94a010f28b09cd1fec222432cb46bf17c473b3a.webp','2016-07-14',54,'Gotham 시즌1 9화 줄거리 : ~~~','Gotham 시즌1 9화','VwOPA2upeCA'),
	('908',9,2,'https://art-s.nflximg.net/73b3a/d94a010f28b09cd1fec222432cb46bf17c473b3a.webp','2016-07-14',54,'Gotham 시즌2 9화 줄거리 : ~~~','Gotham 시즌2 9화','VwOPA2upeCA'),
	('908',9,3,'https://art-s.nflximg.net/73b3a/d94a010f28b09cd1fec222432cb46bf17c473b3a.webp','2016-07-14',54,'Gotham 시즌3 9화 줄거리 : ~~~','Gotham 시즌3 9화','VwOPA2upeCA'),
	('908',10,1,'https://art-s.nflximg.net/73b3a/d94a010f28b09cd1fec222432cb46bf17c473b3a.webp','2016-07-14',54,'Gotham 시즌1 10화 줄거리 : ~~~','Gotham 시즌1 10화','VwOPA2upeCA'),
	('908',10,2,'https://art-s.nflximg.net/73b3a/d94a010f28b09cd1fec222432cb46bf17c473b3a.webp','2016-07-14',54,'Gotham 시즌2 10화 줄거리 : ~~~','Gotham 시즌2 10화','VwOPA2upeCA'),
	('908',10,3,'https://art-s.nflximg.net/73b3a/d94a010f28b09cd1fec222432cb46bf17c473b3a.webp','2016-07-14',54,'Gotham 시즌3 10화 줄거리 : ~~~','Gotham 시즌3 10화','VwOPA2upeCA'),
	('908',11,1,'https://art-s.nflximg.net/73b3a/d94a010f28b09cd1fec222432cb46bf17c473b3a.webp','2016-07-14',54,'Gotham 시즌1 11화 줄거리 : ~~~','Gotham 시즌1 11화','VwOPA2upeCA'),
	('908',11,2,'https://art-s.nflximg.net/73b3a/d94a010f28b09cd1fec222432cb46bf17c473b3a.webp','2016-07-14',54,'Gotham 시즌2 11화 줄거리 : ~~~','Gotham 시즌2 11화','VwOPA2upeCA'),
	('908',11,3,'https://art-s.nflximg.net/73b3a/d94a010f28b09cd1fec222432cb46bf17c473b3a.webp','2016-07-14',54,'Gotham 시즌3 11화 줄거리 : ~~~','Gotham 시즌3 11화','VwOPA2upeCA'),
	('908',12,1,'https://art-s.nflximg.net/73b3a/d94a010f28b09cd1fec222432cb46bf17c473b3a.webp','2016-07-14',54,'Gotham 시즌1 12화 줄거리 : ~~~','Gotham 시즌1 12화','VwOPA2upeCA'),
	('908',12,2,'https://art-s.nflximg.net/73b3a/d94a010f28b09cd1fec222432cb46bf17c473b3a.webp','2016-07-14',54,'Gotham 시즌2 12화 줄거리 : ~~~','Gotham 시즌2 12화','VwOPA2upeCA'),
	('908',12,3,'https://art-s.nflximg.net/73b3a/d94a010f28b09cd1fec222432cb46bf17c473b3a.webp','2016-07-14',54,'Gotham 시즌3 12화 줄거리 : ~~~','Gotham 시즌3 12화','VwOPA2upeCA'),
	('909',1,1,'https://art-s.nflximg.net/73b3a/d94a010f28b09cd1fec222432cb46bf17c473b3a.webp','2017-01-13',68,'앱스트랙트 시즌1 1화 줄거리 : ~~~','앱스트랙트 시즌1 1화','DYaq2sWTWAA'),
	('909',2,1,'https://art-s.nflximg.net/73b3a/d94a010f28b09cd1fec222432cb46bf17c473b3a.webp','2017-01-13',68,'앱스트랙트 시즌1 2화 줄거리 : ~~~','앱스트랙트 시즌1 2화','DYaq2sWTWAA'),
	('909',3,1,'https://art-s.nflximg.net/73b3a/d94a010f28b09cd1fec222432cb46bf17c473b3a.webp','2017-01-13',68,'앱스트랙트 시즌1 3화 줄거리 : ~~~','앱스트랙트 시즌1 3화','DYaq2sWTWAA'),
	('909',4,1,'https://art-s.nflximg.net/73b3a/d94a010f28b09cd1fec222432cb46bf17c473b3a.webp','2017-01-13',68,'앱스트랙트 시즌1 4화 줄거리 : ~~~','앱스트랙트 시즌1 4화','DYaq2sWTWAA'),
	('909',5,1,'https://art-s.nflximg.net/73b3a/d94a010f28b09cd1fec222432cb46bf17c473b3a.webp','2017-01-13',68,'앱스트랙트 시즌1 5화 줄거리 : ~~~','앱스트랙트 시즌1 5화','DYaq2sWTWAA'),
	('909',6,1,'https://art-s.nflximg.net/73b3a/d94a010f28b09cd1fec222432cb46bf17c473b3a.webp','2017-01-13',68,'앱스트랙트 시즌1 6화 줄거리 : ~~~','앱스트랙트 시즌1 6화','DYaq2sWTWAA'),
	('909',7,1,'https://art-s.nflximg.net/73b3a/d94a010f28b09cd1fec222432cb46bf17c473b3a.webp','2017-01-13',68,'앱스트랙트 시즌1 7화 줄거리 : ~~~','앱스트랙트 시즌1 7화','DYaq2sWTWAA'),
	('909',8,1,'https://art-s.nflximg.net/73b3a/d94a010f28b09cd1fec222432cb46bf17c473b3a.webp','2017-01-13',68,'앱스트랙트 시즌1 8화 줄거리 : ~~~','앱스트랙트 시즌1 8화','DYaq2sWTWAA'),
	('910',1,1,'https://art-s.nflximg.net/73b3a/d94a010f28b09cd1fec222432cb46bf17c473b3a.webp','2016-08-20',72,'길모어걸스:한해의 스케치 시즌1 1화 줄거리 : ~~~','길모어걸스:한해의 스케치 시즌1 1화','kGGNNSmGDpU'),
	('910',2,1,'https://art-s.nflximg.net/73b3a/d94a010f28b09cd1fec222432cb46bf17c473b3a.webp','2016-08-20',72,'길모어걸스:한해의 스케치 시즌1 2화 줄거리 : ~~~','길모어걸스:한해의 스케치 시즌1 2화','kGGNNSmGDpU'),
	('910',3,1,'https://art-s.nflximg.net/73b3a/d94a010f28b09cd1fec222432cb46bf17c473b3a.webp','2016-08-20',72,'길모어걸스:한해의 스케치 시즌1 3화 줄거리 : ~~~','길모어걸스:한해의 스케치 시즌1 3화','kGGNNSmGDpU'),
	('910',4,1,'https://art-s.nflximg.net/73b3a/d94a010f28b09cd1fec222432cb46bf17c473b3a.webp','2016-08-20',72,'길모어걸스:한해의 스케치 시즌1 4화 줄거리 : ~~~','길모어걸스:한해의 스케치 시즌1 4화','kGGNNSmGDpU'),
	('911',1,1,'https://art-s.nflximg.net/73b3a/d94a010f28b09cd1fec222432cb46bf17c473b3a.webp','2016-09-20',60,'지정생존자 시즌1 1화 줄거리 : ~~~','지정생존자 시즌1 1화','N_f1v0Nx5Sw'),
	('911',2,1,'https://art-s.nflximg.net/73b3a/d94a010f28b09cd1fec222432cb46bf17c473b3a.webp','2016-09-20',60,'지정생존자 시즌1 2화 줄거리 : ~~~','지정생존자 시즌1 2화','N_f1v0Nx5Sw'),
	('911',3,1,'https://art-s.nflximg.net/73b3a/d94a010f28b09cd1fec222432cb46bf17c473b3a.webp','2016-09-20',60,'지정생존자 시즌1 3화 줄거리 : ~~~','지정생존자 시즌1 3화','N_f1v0Nx5Sw'),
	('911',4,1,'https://art-s.nflximg.net/73b3a/d94a010f28b09cd1fec222432cb46bf17c473b3a.webp','2016-09-20',60,'지정생존자 시즌1 4화 줄거리 : ~~~','지정생존자 시즌1 4화','N_f1v0Nx5Sw'),
	('911',5,1,'https://art-s.nflximg.net/73b3a/d94a010f28b09cd1fec222432cb46bf17c473b3a.webp','2016-09-20',60,'지정생존자 시즌1 5화 줄거리 : ~~~','지정생존자 시즌1 5화','N_f1v0Nx5Sw'),
	('911',6,1,'https://art-s.nflximg.net/73b3a/d94a010f28b09cd1fec222432cb46bf17c473b3a.webp','2016-09-20',60,'지정생존자 시즌1 6화 줄거리 : ~~~','지정생존자 시즌1 6화','N_f1v0Nx5Sw'),
	('911',7,1,'https://art-s.nflximg.net/73b3a/d94a010f28b09cd1fec222432cb46bf17c473b3a.webp','2016-09-20',60,'지정생존자 시즌1 7화 줄거리 : ~~~','지정생존자 시즌1 7화','N_f1v0Nx5Sw'),
	('911',8,1,'https://art-s.nflximg.net/73b3a/d94a010f28b09cd1fec222432cb46bf17c473b3a.webp','2016-09-20',60,'지정생존자 시즌1 8화 줄거리 : ~~~','지정생존자 시즌1 8화','N_f1v0Nx5Sw'),
	('911',9,1,'https://art-s.nflximg.net/73b3a/d94a010f28b09cd1fec222432cb46bf17c473b3a.webp','2016-09-20',60,'지정생존자 시즌1 9화 줄거리 : ~~~','지정생존자 시즌1 9화','N_f1v0Nx5Sw'),
	('911',10,1,'https://art-s.nflximg.net/73b3a/d94a010f28b09cd1fec222432cb46bf17c473b3a.webp','2016-09-20',60,'지정생존자 시즌1 10화 줄거리 : ~~~','지정생존자 시즌1 10화','N_f1v0Nx5Sw'),
	('912',1,1,'https://art-s.nflximg.net/73b3a/d94a010f28b09cd1fec222432cb46bf17c473b3a.webp','2016-10-20',59,'마음의 소리 시즌1 1화 줄거리 : ~~~','마음의 소리 시즌1 1화','EHJO0L0wg78'),
	('912',2,1,'https://art-s.nflximg.net/73b3a/d94a010f28b09cd1fec222432cb46bf17c473b3a.webp','2016-10-20',59,'마음의 소리 시즌1 2화 줄거리 : ~~~','마음의 소리 시즌1 2화','EHJO0L0wg78'),
	('912',3,1,'https://art-s.nflximg.net/73b3a/d94a010f28b09cd1fec222432cb46bf17c473b3a.webp','2016-10-20',59,'마음의 소리 시즌1 3화 줄거리 : ~~~','마음의 소리 시즌1 3화','EHJO0L0wg78'),
	('912',4,1,'https://art-s.nflximg.net/73b3a/d94a010f28b09cd1fec222432cb46bf17c473b3a.webp','2016-10-20',59,'마음의 소리 시즌1 4화 줄거리 : ~~~','마음의 소리 시즌1 4화','EHJO0L0wg78'),
	('912',5,1,'https://art-s.nflximg.net/73b3a/d94a010f28b09cd1fec222432cb46bf17c473b3a.webp','2016-10-20',59,'마음의 소리 시즌1 5화 줄거리 : ~~~','마음의 소리 시즌1 5화','EHJO0L0wg78'),
	('912',6,1,'https://art-s.nflximg.net/73b3a/d94a010f28b09cd1fec222432cb46bf17c473b3a.webp','2016-10-20',59,'마음의 소리 시즌1 6화 줄거리 : ~~~','마음의 소리 시즌1 6화','EHJO0L0wg78'),
	('912',7,1,'https://art-s.nflximg.net/73b3a/d94a010f28b09cd1fec222432cb46bf17c473b3a.webp','2016-10-20',59,'마음의 소리 시즌1 7화 줄거리 : ~~~','마음의 소리 시즌1 7화','EHJO0L0wg78'),
	('912',8,1,'https://art-s.nflximg.net/73b3a/d94a010f28b09cd1fec222432cb46bf17c473b3a.webp','2016-10-20',59,'마음의 소리 시즌1 8화 줄거리 : ~~~','마음의 소리 시즌1 8화','EHJO0L0wg78'),
	('912',9,1,'https://art-s.nflximg.net/73b3a/d94a010f28b09cd1fec222432cb46bf17c473b3a.webp','2016-10-20',59,'마음의 소리 시즌1 9화 줄거리 : ~~~','마음의 소리 시즌1 9화','EHJO0L0wg78'),
	('912',10,1,'https://art-s.nflximg.net/73b3a/d94a010f28b09cd1fec222432cb46bf17c473b3a.webp','2016-10-20',59,'마음의 소리 시즌1 10화 줄거리 : ~~~','마음의 소리 시즌1 10화','EHJO0L0wg78'),
	('913',1,1,'https://art-s.nflximg.net/73b3a/d94a010f28b09cd1fec222432cb46bf17c473b3a.webp','2016-11-20',68,'스콜피온 시즌1 1화 줄거리 : ~~~','스콜피온 시즌1 1화','qrAivSW9Lbc'),
	('913',1,2,'https://art-s.nflximg.net/73b3a/d94a010f28b09cd1fec222432cb46bf17c473b3a.webp','2016-11-20',68,'스콜피온 시즌2 1화 줄거리 : ~~~','스콜피온 시즌2 1화','qrAivSW9Lbc'),
	('913',2,1,'https://art-s.nflximg.net/73b3a/d94a010f28b09cd1fec222432cb46bf17c473b3a.webp','2016-11-20',68,'스콜피온 시즌1 2화 줄거리 : ~~~','스콜피온 시즌1 2화','qrAivSW9Lbc'),
	('913',2,2,'https://art-s.nflximg.net/73b3a/d94a010f28b09cd1fec222432cb46bf17c473b3a.webp','2016-11-20',68,'스콜피온 시즌2 2화 줄거리 : ~~~','스콜피온 시즌2 2화','qrAivSW9Lbc'),
	('913',3,1,'https://art-s.nflximg.net/73b3a/d94a010f28b09cd1fec222432cb46bf17c473b3a.webp','2016-11-20',68,'스콜피온 시즌1 3화 줄거리 : ~~~','스콜피온 시즌1 3화','qrAivSW9Lbc'),
	('913',3,2,'https://art-s.nflximg.net/73b3a/d94a010f28b09cd1fec222432cb46bf17c473b3a.webp','2016-11-20',68,'스콜피온 시즌2 3화 줄거리 : ~~~','스콜피온 시즌2 3화','qrAivSW9Lbc'),
	('913',4,1,'https://art-s.nflximg.net/73b3a/d94a010f28b09cd1fec222432cb46bf17c473b3a.webp','2016-11-20',68,'스콜피온 시즌1 4화 줄거리 : ~~~','스콜피온 시즌1 4화','qrAivSW9Lbc'),
	('913',4,2,'https://art-s.nflximg.net/73b3a/d94a010f28b09cd1fec222432cb46bf17c473b3a.webp','2016-11-20',68,'스콜피온 시즌2 4화 줄거리 : ~~~','스콜피온 시즌2 4화','qrAivSW9Lbc'),
	('913',5,1,'https://art-s.nflximg.net/73b3a/d94a010f28b09cd1fec222432cb46bf17c473b3a.webp','2016-11-20',68,'스콜피온 시즌1 5화 줄거리 : ~~~','스콜피온 시즌1 5화','qrAivSW9Lbc'),
	('913',5,2,'https://art-s.nflximg.net/73b3a/d94a010f28b09cd1fec222432cb46bf17c473b3a.webp','2016-11-20',68,'스콜피온 시즌2 5화 줄거리 : ~~~','스콜피온 시즌2 5화','qrAivSW9Lbc'),
	('913',6,1,'https://art-s.nflximg.net/73b3a/d94a010f28b09cd1fec222432cb46bf17c473b3a.webp','2016-11-20',68,'스콜피온 시즌1 6화 줄거리 : ~~~','스콜피온 시즌1 6화','qrAivSW9Lbc'),
	('913',6,2,'https://art-s.nflximg.net/73b3a/d94a010f28b09cd1fec222432cb46bf17c473b3a.webp','2016-11-20',68,'스콜피온 시즌2 6화 줄거리 : ~~~','스콜피온 시즌2 6화','qrAivSW9Lbc'),
	('913',7,1,'https://art-s.nflximg.net/73b3a/d94a010f28b09cd1fec222432cb46bf17c473b3a.webp','2016-11-20',68,'스콜피온 시즌1 7화 줄거리 : ~~~','스콜피온 시즌1 7화','qrAivSW9Lbc'),
	('913',7,2,'https://art-s.nflximg.net/73b3a/d94a010f28b09cd1fec222432cb46bf17c473b3a.webp','2016-11-20',68,'스콜피온 시즌2 7화 줄거리 : ~~~','스콜피온 시즌2 7화','qrAivSW9Lbc'),
	('913',8,1,'https://art-s.nflximg.net/73b3a/d94a010f28b09cd1fec222432cb46bf17c473b3a.webp','2016-11-20',68,'스콜피온 시즌1 8화 줄거리 : ~~~','스콜피온 시즌1 8화','qrAivSW9Lbc'),
	('913',8,2,'https://art-s.nflximg.net/73b3a/d94a010f28b09cd1fec222432cb46bf17c473b3a.webp','2016-11-20',68,'스콜피온 시즌2 8화 줄거리 : ~~~','스콜피온 시즌2 8화','qrAivSW9Lbc'),
	('913',9,1,'https://art-s.nflximg.net/73b3a/d94a010f28b09cd1fec222432cb46bf17c473b3a.webp','2016-11-20',68,'스콜피온 시즌1 9화 줄거리 : ~~~','스콜피온 시즌1 9화','qrAivSW9Lbc'),
	('913',9,2,'https://art-s.nflximg.net/73b3a/d94a010f28b09cd1fec222432cb46bf17c473b3a.webp','2016-11-20',68,'스콜피온 시즌2 9화 줄거리 : ~~~','스콜피온 시즌2 9화','qrAivSW9Lbc'),
	('913',10,1,'https://art-s.nflximg.net/73b3a/d94a010f28b09cd1fec222432cb46bf17c473b3a.webp','2016-11-20',68,'스콜피온 시즌1 10화 줄거리 : ~~~','스콜피온 시즌1 10화','qrAivSW9Lbc'),
	('913',10,2,'https://art-s.nflximg.net/73b3a/d94a010f28b09cd1fec222432cb46bf17c473b3a.webp','2016-11-20',68,'스콜피온 시즌2 10화 줄거리 : ~~~','스콜피온 시즌2 10화','qrAivSW9Lbc'),
	('914',1,1,'https://art-s.nflximg.net/73b3a/d94a010f28b09cd1fec222432cb46bf17c473b3a.webp','2017-01-20',49,'원데이앳어타임 시즌1 1화 줄거리 : ~~~','원데이앳어타임 시즌1 1화','wNFFleycS8k'),
	('914',2,1,'https://art-s.nflximg.net/73b3a/d94a010f28b09cd1fec222432cb46bf17c473b3a.webp','2017-01-20',49,'원데이앳어타임 시즌1 2화 줄거리 : ~~~','원데이앳어타임 시즌1 2화','wNFFleycS8k'),
	('914',3,1,'https://art-s.nflximg.net/73b3a/d94a010f28b09cd1fec222432cb46bf17c473b3a.webp','2017-01-20',49,'원데이앳어타임 시즌1 3화 줄거리 : ~~~','원데이앳어타임 시즌1 3화','wNFFleycS8k'),
	('914',4,1,'https://art-s.nflximg.net/73b3a/d94a010f28b09cd1fec222432cb46bf17c473b3a.webp','2017-01-20',49,'원데이앳어타임 시즌1 4화 줄거리 : ~~~','원데이앳어타임 시즌1 4화','wNFFleycS8k'),
	('914',5,1,'https://art-s.nflximg.net/73b3a/d94a010f28b09cd1fec222432cb46bf17c473b3a.webp','2017-01-20',49,'원데이앳어타임 시즌1 5화 줄거리 : ~~~','원데이앳어타임 시즌1 5화','wNFFleycS8k'),
	('914',6,1,'https://art-s.nflximg.net/73b3a/d94a010f28b09cd1fec222432cb46bf17c473b3a.webp','2017-01-20',49,'원데이앳어타임 시즌1 6화 줄거리 : ~~~','원데이앳어타임 시즌1 6화','wNFFleycS8k'),
	('914',7,1,'https://art-s.nflximg.net/73b3a/d94a010f28b09cd1fec222432cb46bf17c473b3a.webp','2017-01-20',49,'원데이앳어타임 시즌1 7화 줄거리 : ~~~','원데이앳어타임 시즌1 7화','wNFFleycS8k'),
	('914',8,1,'https://art-s.nflximg.net/73b3a/d94a010f28b09cd1fec222432cb46bf17c473b3a.webp','2017-01-20',49,'원데이앳어타임 시즌1 8화 줄거리 : ~~~','원데이앳어타임 시즌1 8화','wNFFleycS8k'),
	('914',9,1,'https://art-s.nflximg.net/73b3a/d94a010f28b09cd1fec222432cb46bf17c473b3a.webp','2017-01-20',49,'원데이앳어타임 시즌1 9화 줄거리 : ~~~','원데이앳어타임 시즌1 9화','wNFFleycS8k'),
	('914',10,1,'https://art-s.nflximg.net/73b3a/d94a010f28b09cd1fec222432cb46bf17c473b3a.webp','2017-01-20',49,'원데이앳어타임 시즌1 10화 줄거리 : ~~~','원데이앳어타임 시즌1 10화','wNFFleycS8k'),
	('915',1,1,'https://art-s.nflximg.net/73b3a/d94a010f28b09cd1fec222432cb46bf17c473b3a.webp','2016-05-10',57,'더블타켓 시즌1 1화 줄거리 : ~~~','더블타켓 시즌1 1화','6ZVcPhDt-kM'),
	('915',2,1,'https://art-s.nflximg.net/73b3a/d94a010f28b09cd1fec222432cb46bf17c473b3a.webp','2016-05-10',57,'더블타켓 시즌1 2화 줄거리 : ~~~','더블타켓 시즌1 2화','6ZVcPhDt-kM'),
	('915',3,1,'https://art-s.nflximg.net/73b3a/d94a010f28b09cd1fec222432cb46bf17c473b3a.webp','2016-05-10',57,'더블타켓 시즌1 3화 줄거리 : ~~~','더블타켓 시즌1 3화','6ZVcPhDt-kM'),
	('915',4,1,'https://art-s.nflximg.net/73b3a/d94a010f28b09cd1fec222432cb46bf17c473b3a.webp','2016-05-10',57,'더블타켓 시즌1 4화 줄거리 : ~~~','더블타켓 시즌1 4화','6ZVcPhDt-kM'),
	('915',5,1,'https://art-s.nflximg.net/73b3a/d94a010f28b09cd1fec222432cb46bf17c473b3a.webp','2016-05-10',57,'더블타켓 시즌1 5화 줄거리 : ~~~','더블타켓 시즌1 5화','6ZVcPhDt-kM'),
	('915',6,1,'https://art-s.nflximg.net/73b3a/d94a010f28b09cd1fec222432cb46bf17c473b3a.webp','2016-05-10',57,'더블타켓 시즌1 6화 줄거리 : ~~~','더블타켓 시즌1 6화','6ZVcPhDt-kM'),
	('915',7,1,'https://art-s.nflximg.net/73b3a/d94a010f28b09cd1fec222432cb46bf17c473b3a.webp','2016-05-10',57,'더블타켓 시즌1 7화 줄거리 : ~~~','더블타켓 시즌1 7화','6ZVcPhDt-kM'),
	('915',8,1,'https://art-s.nflximg.net/73b3a/d94a010f28b09cd1fec222432cb46bf17c473b3a.webp','2016-05-10',57,'더블타켓 시즌1 8화 줄거리 : ~~~','더블타켓 시즌1 8화','6ZVcPhDt-kM'),
	('915',9,1,'https://art-s.nflximg.net/73b3a/d94a010f28b09cd1fec222432cb46bf17c473b3a.webp','2016-05-10',57,'더블타켓 시즌1 9화 줄거리 : ~~~','더블타켓 시즌1 9화','6ZVcPhDt-kM'),
	('915',10,1,'https://art-s.nflximg.net/73b3a/d94a010f28b09cd1fec222432cb46bf17c473b3a.webp','2016-05-10',57,'더블타켓 시즌1 10화 줄거리 : ~~~','더블타켓 시즌1 10화','6ZVcPhDt-kM'),
	('916',1,1,'https://art-s.nflximg.net/73b3a/d94a010f28b09cd1fec222432cb46bf17c473b3a.webp','2016-06-19',47,'The Vampire Diaries 시즌1 1화 줄거리 : ~~~','The Vampire Diaries 시즌1 1화','zAa_RgTeO7g'),
	('916',1,2,'https://art-s.nflximg.net/73b3a/d94a010f28b09cd1fec222432cb46bf17c473b3a.webp','2016-06-19',47,'The Vampire Diaries 시즌2 1화 줄거리 : ~~~','The Vampire Diaries 시즌2 1화','zAa_RgTeO7g'),
	('916',1,3,'https://art-s.nflximg.net/73b3a/d94a010f28b09cd1fec222432cb46bf17c473b3a.webp','2016-06-19',47,'The Vampire Diaries 시즌3 1화 줄거리 : ~~~','The Vampire Diaries 시즌3 1화','zAa_RgTeO7g'),
	('916',1,4,'https://art-s.nflximg.net/73b3a/d94a010f28b09cd1fec222432cb46bf17c473b3a.webp','2016-06-19',47,'The Vampire Diaries 시즌4 1화 줄거리 : ~~~','The Vampire Diaries 시즌4 1화','zAa_RgTeO7g'),
	('916',1,5,'https://art-s.nflximg.net/73b3a/d94a010f28b09cd1fec222432cb46bf17c473b3a.webp','2016-06-19',47,'The Vampire Diaries 시즌5 1화 줄거리 : ~~~','The Vampire Diaries 시즌5 1화','zAa_RgTeO7g'),
	('916',2,1,'https://art-s.nflximg.net/73b3a/d94a010f28b09cd1fec222432cb46bf17c473b3a.webp','2016-06-19',47,'The Vampire Diaries 시즌1 2화 줄거리 : ~~~','The Vampire Diaries 시즌1 2화','zAa_RgTeO7g'),
	('916',2,2,'https://art-s.nflximg.net/73b3a/d94a010f28b09cd1fec222432cb46bf17c473b3a.webp','2016-06-19',47,'The Vampire Diaries 시즌2 2화 줄거리 : ~~~','The Vampire Diaries 시즌2 2화','zAa_RgTeO7g'),
	('916',2,3,'https://art-s.nflximg.net/73b3a/d94a010f28b09cd1fec222432cb46bf17c473b3a.webp','2016-06-19',47,'The Vampire Diaries 시즌3 2화 줄거리 : ~~~','The Vampire Diaries 시즌3 2화','zAa_RgTeO7g'),
	('916',2,4,'https://art-s.nflximg.net/73b3a/d94a010f28b09cd1fec222432cb46bf17c473b3a.webp','2016-06-19',47,'The Vampire Diaries 시즌4 2화 줄거리 : ~~~','The Vampire Diaries 시즌4 2화','zAa_RgTeO7g'),
	('916',2,5,'https://art-s.nflximg.net/73b3a/d94a010f28b09cd1fec222432cb46bf17c473b3a.webp','2016-06-19',47,'The Vampire Diaries 시즌5 2화 줄거리 : ~~~','The Vampire Diaries 시즌5 2화','zAa_RgTeO7g'),
	('916',3,1,'https://art-s.nflximg.net/73b3a/d94a010f28b09cd1fec222432cb46bf17c473b3a.webp','2016-06-19',47,'The Vampire Diaries 시즌1 3화 줄거리 : ~~~','The Vampire Diaries 시즌1 3화','zAa_RgTeO7g'),
	('916',3,2,'https://art-s.nflximg.net/73b3a/d94a010f28b09cd1fec222432cb46bf17c473b3a.webp','2016-06-19',47,'The Vampire Diaries 시즌2 3화 줄거리 : ~~~','The Vampire Diaries 시즌2 3화','zAa_RgTeO7g'),
	('916',3,3,'https://art-s.nflximg.net/73b3a/d94a010f28b09cd1fec222432cb46bf17c473b3a.webp','2016-06-19',47,'The Vampire Diaries 시즌3 3화 줄거리 : ~~~','The Vampire Diaries 시즌3 3화','zAa_RgTeO7g'),
	('916',3,4,'https://art-s.nflximg.net/73b3a/d94a010f28b09cd1fec222432cb46bf17c473b3a.webp','2016-06-19',47,'The Vampire Diaries 시즌4 3화 줄거리 : ~~~','The Vampire Diaries 시즌4 3화','zAa_RgTeO7g'),
	('916',3,5,'https://art-s.nflximg.net/73b3a/d94a010f28b09cd1fec222432cb46bf17c473b3a.webp','2016-06-19',47,'The Vampire Diaries 시즌5 3화 줄거리 : ~~~','The Vampire Diaries 시즌5 3화','zAa_RgTeO7g'),
	('916',4,1,'https://art-s.nflximg.net/73b3a/d94a010f28b09cd1fec222432cb46bf17c473b3a.webp','2016-06-19',47,'The Vampire Diaries 시즌1 4화 줄거리 : ~~~','The Vampire Diaries 시즌1 4화','zAa_RgTeO7g'),
	('916',4,2,'https://art-s.nflximg.net/73b3a/d94a010f28b09cd1fec222432cb46bf17c473b3a.webp','2016-06-19',47,'The Vampire Diaries 시즌2 4화 줄거리 : ~~~','The Vampire Diaries 시즌2 4화','zAa_RgTeO7g'),
	('916',4,3,'https://art-s.nflximg.net/73b3a/d94a010f28b09cd1fec222432cb46bf17c473b3a.webp','2016-06-19',47,'The Vampire Diaries 시즌3 4화 줄거리 : ~~~','The Vampire Diaries 시즌3 4화','zAa_RgTeO7g'),
	('916',4,4,'https://art-s.nflximg.net/73b3a/d94a010f28b09cd1fec222432cb46bf17c473b3a.webp','2016-06-19',47,'The Vampire Diaries 시즌4 4화 줄거리 : ~~~','The Vampire Diaries 시즌4 4화','zAa_RgTeO7g'),
	('916',4,5,'https://art-s.nflximg.net/73b3a/d94a010f28b09cd1fec222432cb46bf17c473b3a.webp','2016-06-19',47,'The Vampire Diaries 시즌5 4화 줄거리 : ~~~','The Vampire Diaries 시즌5 4화','zAa_RgTeO7g'),
	('916',5,1,'https://art-s.nflximg.net/73b3a/d94a010f28b09cd1fec222432cb46bf17c473b3a.webp','2016-06-19',47,'The Vampire Diaries 시즌1 5화 줄거리 : ~~~','The Vampire Diaries 시즌1 5화','zAa_RgTeO7g'),
	('916',5,2,'https://art-s.nflximg.net/73b3a/d94a010f28b09cd1fec222432cb46bf17c473b3a.webp','2016-06-19',47,'The Vampire Diaries 시즌2 5화 줄거리 : ~~~','The Vampire Diaries 시즌2 5화','zAa_RgTeO7g'),
	('916',5,3,'https://art-s.nflximg.net/73b3a/d94a010f28b09cd1fec222432cb46bf17c473b3a.webp','2016-06-19',47,'The Vampire Diaries 시즌3 5화 줄거리 : ~~~','The Vampire Diaries 시즌3 5화','zAa_RgTeO7g'),
	('916',5,4,'https://art-s.nflximg.net/73b3a/d94a010f28b09cd1fec222432cb46bf17c473b3a.webp','2016-06-19',47,'The Vampire Diaries 시즌4 5화 줄거리 : ~~~','The Vampire Diaries 시즌4 5화','zAa_RgTeO7g'),
	('916',5,5,'https://art-s.nflximg.net/73b3a/d94a010f28b09cd1fec222432cb46bf17c473b3a.webp','2016-06-19',47,'The Vampire Diaries 시즌5 5화 줄거리 : ~~~','The Vampire Diaries 시즌5 5화','zAa_RgTeO7g'),
	('916',6,1,'https://art-s.nflximg.net/73b3a/d94a010f28b09cd1fec222432cb46bf17c473b3a.webp','2016-06-19',47,'The Vampire Diaries 시즌1 6화 줄거리 : ~~~','The Vampire Diaries 시즌1 6화','zAa_RgTeO7g'),
	('916',6,2,'https://art-s.nflximg.net/73b3a/d94a010f28b09cd1fec222432cb46bf17c473b3a.webp','2016-06-19',47,'The Vampire Diaries 시즌2 6화 줄거리 : ~~~','The Vampire Diaries 시즌2 6화','zAa_RgTeO7g'),
	('916',6,3,'https://art-s.nflximg.net/73b3a/d94a010f28b09cd1fec222432cb46bf17c473b3a.webp','2016-06-19',47,'The Vampire Diaries 시즌3 6화 줄거리 : ~~~','The Vampire Diaries 시즌3 6화','zAa_RgTeO7g'),
	('916',6,4,'https://art-s.nflximg.net/73b3a/d94a010f28b09cd1fec222432cb46bf17c473b3a.webp','2016-06-19',47,'The Vampire Diaries 시즌4 6화 줄거리 : ~~~','The Vampire Diaries 시즌4 6화','zAa_RgTeO7g'),
	('916',6,5,'https://art-s.nflximg.net/73b3a/d94a010f28b09cd1fec222432cb46bf17c473b3a.webp','2016-06-19',47,'The Vampire Diaries 시즌5 6화 줄거리 : ~~~','The Vampire Diaries 시즌5 6화','zAa_RgTeO7g'),
	('916',7,1,'https://art-s.nflximg.net/73b3a/d94a010f28b09cd1fec222432cb46bf17c473b3a.webp','2016-06-19',47,'The Vampire Diaries 시즌1 7화 줄거리 : ~~~','The Vampire Diaries 시즌1 7화','zAa_RgTeO7g'),
	('916',7,2,'https://art-s.nflximg.net/73b3a/d94a010f28b09cd1fec222432cb46bf17c473b3a.webp','2016-06-19',47,'The Vampire Diaries 시즌2 7화 줄거리 : ~~~','The Vampire Diaries 시즌2 7화','zAa_RgTeO7g'),
	('916',7,3,'https://art-s.nflximg.net/73b3a/d94a010f28b09cd1fec222432cb46bf17c473b3a.webp','2016-06-19',47,'The Vampire Diaries 시즌3 7화 줄거리 : ~~~','The Vampire Diaries 시즌3 7화','zAa_RgTeO7g'),
	('916',7,4,'https://art-s.nflximg.net/73b3a/d94a010f28b09cd1fec222432cb46bf17c473b3a.webp','2016-06-19',47,'The Vampire Diaries 시즌4 7화 줄거리 : ~~~','The Vampire Diaries 시즌4 7화','zAa_RgTeO7g'),
	('916',7,5,'https://art-s.nflximg.net/73b3a/d94a010f28b09cd1fec222432cb46bf17c473b3a.webp','2016-06-19',47,'The Vampire Diaries 시즌5 7화 줄거리 : ~~~','The Vampire Diaries 시즌5 7화','zAa_RgTeO7g'),
	('916',8,1,'https://art-s.nflximg.net/73b3a/d94a010f28b09cd1fec222432cb46bf17c473b3a.webp','2016-06-19',47,'The Vampire Diaries 시즌1 8화 줄거리 : ~~~','The Vampire Diaries 시즌1 8화','zAa_RgTeO7g'),
	('916',8,2,'https://art-s.nflximg.net/73b3a/d94a010f28b09cd1fec222432cb46bf17c473b3a.webp','2016-06-19',47,'The Vampire Diaries 시즌2 8화 줄거리 : ~~~','The Vampire Diaries 시즌2 8화','zAa_RgTeO7g'),
	('916',8,3,'https://art-s.nflximg.net/73b3a/d94a010f28b09cd1fec222432cb46bf17c473b3a.webp','2016-06-19',47,'The Vampire Diaries 시즌3 8화 줄거리 : ~~~','The Vampire Diaries 시즌3 8화','zAa_RgTeO7g'),
	('916',8,4,'https://art-s.nflximg.net/73b3a/d94a010f28b09cd1fec222432cb46bf17c473b3a.webp','2016-06-19',47,'The Vampire Diaries 시즌4 8화 줄거리 : ~~~','The Vampire Diaries 시즌4 8화','zAa_RgTeO7g'),
	('916',8,5,'https://art-s.nflximg.net/73b3a/d94a010f28b09cd1fec222432cb46bf17c473b3a.webp','2016-06-19',47,'The Vampire Diaries 시즌5 8화 줄거리 : ~~~','The Vampire Diaries 시즌5 8화','zAa_RgTeO7g'),
	('916',9,1,'https://art-s.nflximg.net/73b3a/d94a010f28b09cd1fec222432cb46bf17c473b3a.webp','2016-06-19',47,'The Vampire Diaries 시즌1 9화 줄거리 : ~~~','The Vampire Diaries 시즌1 9화','zAa_RgTeO7g'),
	('916',9,2,'https://art-s.nflximg.net/73b3a/d94a010f28b09cd1fec222432cb46bf17c473b3a.webp','2016-06-19',47,'The Vampire Diaries 시즌2 9화 줄거리 : ~~~','The Vampire Diaries 시즌2 9화','zAa_RgTeO7g'),
	('916',9,3,'https://art-s.nflximg.net/73b3a/d94a010f28b09cd1fec222432cb46bf17c473b3a.webp','2016-06-19',47,'The Vampire Diaries 시즌3 9화 줄거리 : ~~~','The Vampire Diaries 시즌3 9화','zAa_RgTeO7g'),
	('916',9,4,'https://art-s.nflximg.net/73b3a/d94a010f28b09cd1fec222432cb46bf17c473b3a.webp','2016-06-19',47,'The Vampire Diaries 시즌4 9화 줄거리 : ~~~','The Vampire Diaries 시즌4 9화','zAa_RgTeO7g'),
	('916',9,5,'https://art-s.nflximg.net/73b3a/d94a010f28b09cd1fec222432cb46bf17c473b3a.webp','2016-06-19',47,'The Vampire Diaries 시즌5 9화 줄거리 : ~~~','The Vampire Diaries 시즌5 9화','zAa_RgTeO7g'),
	('916',10,1,'https://art-s.nflximg.net/73b3a/d94a010f28b09cd1fec222432cb46bf17c473b3a.webp','2016-06-19',47,'The Vampire Diaries 시즌1 10화 줄거리 : ~~~','The Vampire Diaries 시즌1 10화','zAa_RgTeO7g'),
	('916',10,2,'https://art-s.nflximg.net/73b3a/d94a010f28b09cd1fec222432cb46bf17c473b3a.webp','2016-06-19',47,'The Vampire Diaries 시즌2 10화 줄거리 : ~~~','The Vampire Diaries 시즌2 10화','zAa_RgTeO7g'),
	('916',10,3,'https://art-s.nflximg.net/73b3a/d94a010f28b09cd1fec222432cb46bf17c473b3a.webp','2016-06-19',47,'The Vampire Diaries 시즌3 10화 줄거리 : ~~~','The Vampire Diaries 시즌3 10화','zAa_RgTeO7g'),
	('916',10,4,'https://art-s.nflximg.net/73b3a/d94a010f28b09cd1fec222432cb46bf17c473b3a.webp','2016-06-19',47,'The Vampire Diaries 시즌4 10화 줄거리 : ~~~','The Vampire Diaries 시즌4 10화','zAa_RgTeO7g'),
	('916',10,5,'https://art-s.nflximg.net/73b3a/d94a010f28b09cd1fec222432cb46bf17c473b3a.webp','2016-06-19',47,'The Vampire Diaries 시즌5 10화 줄거리 : ~~~','The Vampire Diaries 시즌5 10화','zAa_RgTeO7g'),
	('917',1,1,'https://art-s.nflximg.net/73b3a/d94a010f28b09cd1fec222432cb46bf17c473b3a.webp','2016-07-15',63,'언브레이커블 키미 슈미트 시즌1 1화 줄거리 : ~~~','언브레이커블 키미 슈미트 시즌1 1화','gyNq-9ztK58'),
	('917',1,2,'https://art-s.nflximg.net/73b3a/d94a010f28b09cd1fec222432cb46bf17c473b3a.webp','2016-07-15',63,'언브레이커블 키미 슈미트 시즌2 1화 줄거리 : ~~~','언브레이커블 키미 슈미트 시즌2 1화','gyNq-9ztK58'),
	('917',2,1,'https://art-s.nflximg.net/73b3a/d94a010f28b09cd1fec222432cb46bf17c473b3a.webp','2016-07-15',63,'언브레이커블 키미 슈미트 시즌1 2화 줄거리 : ~~~','언브레이커블 키미 슈미트 시즌1 2화','gyNq-9ztK58'),
	('917',2,2,'https://art-s.nflximg.net/73b3a/d94a010f28b09cd1fec222432cb46bf17c473b3a.webp','2016-07-15',63,'언브레이커블 키미 슈미트 시즌2 2화 줄거리 : ~~~','언브레이커블 키미 슈미트 시즌2 2화','gyNq-9ztK58'),
	('917',3,1,'https://art-s.nflximg.net/73b3a/d94a010f28b09cd1fec222432cb46bf17c473b3a.webp','2016-07-15',63,'언브레이커블 키미 슈미트 시즌1 3화 줄거리 : ~~~','언브레이커블 키미 슈미트 시즌1 3화','gyNq-9ztK58'),
	('917',3,2,'https://art-s.nflximg.net/73b3a/d94a010f28b09cd1fec222432cb46bf17c473b3a.webp','2016-07-15',63,'언브레이커블 키미 슈미트 시즌2 3화 줄거리 : ~~~','언브레이커블 키미 슈미트 시즌2 3화','gyNq-9ztK58'),
	('917',4,1,'https://art-s.nflximg.net/73b3a/d94a010f28b09cd1fec222432cb46bf17c473b3a.webp','2016-07-15',63,'언브레이커블 키미 슈미트 시즌1 4화 줄거리 : ~~~','언브레이커블 키미 슈미트 시즌1 4화','gyNq-9ztK58'),
	('917',4,2,'https://art-s.nflximg.net/73b3a/d94a010f28b09cd1fec222432cb46bf17c473b3a.webp','2016-07-15',63,'언브레이커블 키미 슈미트 시즌2 4화 줄거리 : ~~~','언브레이커블 키미 슈미트 시즌2 4화','gyNq-9ztK58'),
	('917',5,1,'https://art-s.nflximg.net/73b3a/d94a010f28b09cd1fec222432cb46bf17c473b3a.webp','2016-07-15',63,'언브레이커블 키미 슈미트 시즌1 5화 줄거리 : ~~~','언브레이커블 키미 슈미트 시즌1 5화','gyNq-9ztK58'),
	('917',5,2,'https://art-s.nflximg.net/73b3a/d94a010f28b09cd1fec222432cb46bf17c473b3a.webp','2016-07-15',63,'언브레이커블 키미 슈미트 시즌2 5화 줄거리 : ~~~','언브레이커블 키미 슈미트 시즌2 5화','gyNq-9ztK58'),
	('917',6,1,'https://art-s.nflximg.net/73b3a/d94a010f28b09cd1fec222432cb46bf17c473b3a.webp','2016-07-15',63,'언브레이커블 키미 슈미트 시즌1 6화 줄거리 : ~~~','언브레이커블 키미 슈미트 시즌1 6화','gyNq-9ztK58'),
	('917',6,2,'https://art-s.nflximg.net/73b3a/d94a010f28b09cd1fec222432cb46bf17c473b3a.webp','2016-07-15',63,'언브레이커블 키미 슈미트 시즌2 6화 줄거리 : ~~~','언브레이커블 키미 슈미트 시즌2 6화','gyNq-9ztK58'),
	('917',7,1,'https://art-s.nflximg.net/73b3a/d94a010f28b09cd1fec222432cb46bf17c473b3a.webp','2016-07-15',63,'언브레이커블 키미 슈미트 시즌1 7화 줄거리 : ~~~','언브레이커블 키미 슈미트 시즌1 7화','gyNq-9ztK58'),
	('917',7,2,'https://art-s.nflximg.net/73b3a/d94a010f28b09cd1fec222432cb46bf17c473b3a.webp','2016-07-15',63,'언브레이커블 키미 슈미트 시즌2 7화 줄거리 : ~~~','언브레이커블 키미 슈미트 시즌2 7화','gyNq-9ztK58'),
	('917',8,1,'https://art-s.nflximg.net/73b3a/d94a010f28b09cd1fec222432cb46bf17c473b3a.webp','2016-07-15',63,'언브레이커블 키미 슈미트 시즌1 8화 줄거리 : ~~~','언브레이커블 키미 슈미트 시즌1 8화','gyNq-9ztK58'),
	('917',8,2,'https://art-s.nflximg.net/73b3a/d94a010f28b09cd1fec222432cb46bf17c473b3a.webp','2016-07-15',63,'언브레이커블 키미 슈미트 시즌2 8화 줄거리 : ~~~','언브레이커블 키미 슈미트 시즌2 8화','gyNq-9ztK58'),
	('917',9,1,'https://art-s.nflximg.net/73b3a/d94a010f28b09cd1fec222432cb46bf17c473b3a.webp','2016-07-15',63,'언브레이커블 키미 슈미트 시즌1 9화 줄거리 : ~~~','언브레이커블 키미 슈미트 시즌1 9화','gyNq-9ztK58'),
	('917',9,2,'https://art-s.nflximg.net/73b3a/d94a010f28b09cd1fec222432cb46bf17c473b3a.webp','2016-07-15',63,'언브레이커블 키미 슈미트 시즌2 9화 줄거리 : ~~~','언브레이커블 키미 슈미트 시즌2 9화','gyNq-9ztK58'),
	('917',10,1,'https://art-s.nflximg.net/73b3a/d94a010f28b09cd1fec222432cb46bf17c473b3a.webp','2016-07-15',63,'언브레이커블 키미 슈미트 시즌1 10화 줄거리 : ~~~','언브레이커블 키미 슈미트 시즌1 10화','gyNq-9ztK58'),
	('917',10,2,'https://art-s.nflximg.net/73b3a/d94a010f28b09cd1fec222432cb46bf17c473b3a.webp','2016-07-15',63,'언브레이커블 키미 슈미트 시즌2 10화 줄거리 : ~~~','언브레이커블 키미 슈미트 시즌2 10화','gyNq-9ztK58');

INSERT INTO `profiles` (`id`, `username`, `name`)
VALUES
	('profile_1','agriffin1b@smugmug.com','변은실'),
	('profile_10','rwilliamsk@cbsnews.com','부현호'),
	('profile_11','rbrooks29@si.edu','봉영애'),
	('profile_12','epierce13@about.com','우윤숙'),
	('profile_13','fromerop@europa.eu','곽세일'),
	('profile_14','csimmonsy@ebay.co.uk','창서채'),
	('profile_15','sgreene1i@ox.ac.uk','옹사민'),
	('profile_16','tharvey28@google.co.uk','낭중우'),
	('profile_17','mjohnson4@senate.gov','연희주'),
	('profile_18','kbryanto@psu.edu','기하얀'),
	('profile_19','cpatterson2j@cornell.edu','범남호'),
	('profile_2','charvey11@japanpost.jp','두효곤'),
	('profile_20','mrobinsona@opensource.org','구유진'),
	('profile_21','cedwards8@howstuffworks.com','서재완'),
	('profile_22','eramos15@google.es','엄란'),
	('profile_23','sscott2f@tinyurl.com','왕무선'),
	('profile_24','tflores17@omniture.com','강전유상'),
	('profile_25','lgeorge1k@acquirethisname.com','계소혜'),
	('profile_26','mscottq@answers.com','양영윤'),
	('profile_27','astevense@ebay.co.uk','강두혁'),
	('profile_28','jadams1p@sfgate.com','지다미'),
	('profile_29','nmontgomeryi@wsj.com','전조인'),
	('profile_3','tharvey28@google.co.uk','맹민주'),
	('profile_30','lpeterson2a@google.co.uk','두국만'),
	('profile_31','epierce13@about.com','빙성은'),
	('profile_32','rmarshall14@wikipedia.org','두달윤'),
	('profile_33','lgeorge1k@acquirethisname.com','즙병재'),
	('profile_34','clanez@about.com','은우종'),
	('profile_35','epierce13@about.com','최가령'),
	('profile_36','sscott2f@tinyurl.com','예건모'),
	('profile_37','jjackson19@adobe.com','현태용'),
	('profile_38','mjohnson4@senate.gov','후철환'),
	('profile_39','cgordon2d@ehow.com','송선호'),
	('profile_4','gsnyder10@mail.ru','원진영'),
	('profile_40','efranklin3@sitemeter.com','여덕란'),
	('profile_41','gking6@123-reg.co.uk','유빈'),
	('profile_42','tharvey28@google.co.uk','시경진'),
	('profile_43','pward1n@latimes.com','노주은'),
	('profile_44','kbradleyg@naver.com','부경륜'),
	('profile_45','arogers1t@gov.uk','호윤서'),
	('profile_46','lramirezm@elegantthemes.com','전경택'),
	('profile_47','jjenkins2q@about.me','탁리선'),
	('profile_48','sstephens5@topsy.com','빈서하'),
	('profile_49','kkim1l@whitehouse.gov','명정빈'),
	('profile_5','jjackson19@adobe.com','창해숙'),
	('profile_50','callen2o@amazonaws.com','지하나'),
	('profile_6','cedwards8@howstuffworks.com','상효주'),
	('profile_7','cwatkins1g@newsvine.com','지우혁'),
	('profile_8','swalker22@tumblr.com','도병민'),
	('profile_9','rdunnh@shinystat.com','창기복');

INSERT INTO `promotions` (`category`, `content`)
VALUES
	('action',62),
	('comedy',19),
	('drama',903),
	('family_kids',41),
	('horror',905),
	('korean',41),
	('romance',48),
	('sf_fantasy',30),
	('tv',908),
	('winner',42);